frequencies,SPLs,Total,clarities,crests,SBs,CPPs,qdeltas,qcis
47,47,5,0.975187857,1.532366027,-20.47104159,15.36526758,4.023163445,0.388983538
47,49,5,0.977388632,1.508831977,-22.73783024,14.36591543,3.586997299,0.402682043
47,51,6,0.981454497,1.687103643,-23.99351527,17.51698831,2.762905905,0.391605348
47,52,7,0.981986822,1.726748224,-26.32979141,19.43413197,3.824739156,0.437469329
47,53,5,0.978443004,1.63530129,-26.67401139,17.31860883,3.622001817,0.402253042
47,58,23,0.979528168,2.054741421,-29.23742178,21.4663773,8.980269228,0.324697474
47,59,30,0.984344617,1.9834434,-29.87569694,23.53153439,6.687565807,0.318757025
47,60,17,0.982443946,2.114617693,-29.67774192,23.27858179,8.153297207,0.322083579
47,61,6,0.969493834,2.208282026,-29.61371849,26.48194353,8.562793234,0.298904376
47,62,11,0.975705958,2.07072484,-29.22724742,25.50247815,9.419268561,0.372101642
47,63,35,0.984689292,2.190129407,-28.10572173,25.23112949,9.327612762,0.315489637
47,64,5,0.983458649,2.284201289,-27.34962613,26.75956625,10.0509689,0.330484395
47,65,6,0.981268948,2.423998552,-27.59731349,25.85349034,10.03106638,0.336853118
47,66,6,0.968239842,2.326902165,-26.67935669,24.79626303,7.860127103,0.393254828
47,67,6,0.978458521,2.533503723,-27.57440557,27.37358606,8.88398185,0.397798616
47,69,12,0.983167258,2.564939485,-24.81330939,27.26432309,9.55122617,0.39548929
47,71,12,0.967938989,2.736500465,-25.60576355,26.47550494,10.29656134,0.395130298
47,79,12,0.972128182,2.960969173,-13.53980899,27.75381988,9.917049992,0.471403711
48,53,21,0.982981118,1.64779264,-26.47337179,17.34329932,3.674735962,0.425867145
48,54,6,0.984290427,1.90189457,-26.63029001,17.57805777,4.345638615,0.356641929
48,55,6,0.984962479,1.968352966,-28.17354588,18.56900765,6.671671071,0.297938475
48,56,6,0.984308057,2.049420109,-29.39079556,18.2107545,5.149416612,0.266951951
48,58,130,0.982408734,1.943828345,-29.49290288,22.0672294,6.10874453,0.280968108
48,59,41,0.983893776,2.079017297,-29.77733049,23.17835869,6.789792828,0.303660271
48,60,69,0.981841737,1.991121886,-30.09044463,23.32694237,5.400549614,0.295444439
48,61,28,0.977721927,1.97341909,-29.40759231,23.79676324,6.126378133,0.297286967
48,62,6,0.972834299,2.193602603,-28.9912558,26.89224893,8.262685446,0.294455918
48,63,18,0.980097051,2.166465945,-27.47789768,25.47744119,8.333934555,0.330747202
48,64,35,0.984367982,2.075934279,-26.9982221,26.24668796,7.745554937,0.353084588
48,65,6,0.98331395,2.380902544,-25.82462471,26.66258434,8.0582874,0.37973635
48,66,6,0.975206622,2.298023704,-25.8172184,26.01829371,10.05568894,0.33522814
48,69,6,0.977348736,2.684270282,-23.20217669,27.69968648,10.32244469,0.344163194
48,70,28,0.970152274,2.638761888,-24.59039641,25.60520324,9.390952956,0.385203553
48,71,11,0.972605786,2.764194392,-23.34433027,27.799789,10.03397104,0.394073963
48,72,12,0.965072325,2.817644182,-22.11672389,25.64919442,12.1378014,0.415128402
48,73,6,0.975742599,2.853033976,-22.0352773,27.93765616,11.78143092,0.407449189
48,74,6,0.966578885,2.825639694,-20.74352324,27.4798212,12.42544126,0.421339755
48,75,5,0.982220934,2.859169843,-20.08734596,28.96502938,13.17189905,0.423701232
48,76,6,0.9828249,2.812337402,-19.1685781,30.38567918,13.10653766,0.425097758
48,78,18,0.970266637,2.996349889,-15.41399945,29.25387921,11.35346869,0.433257417
48,79,23,0.968213867,3.011076859,-13.96658482,28.93185209,10.19356785,0.456221272
48,80,119,0.972713107,2.927660821,-13.28443809,27.82196551,9.071889739,0.478058241
49,70,7,0.98274215,2.469095523,-24.39077645,26.99617327,9.665226862,0.390540007
49,79,6,0.974571917,3.067909732,-14.33290594,30.99821642,11.18684416,0.435466971
49,80,7,0.971007658,3.171132606,-13.84087142,28.29503941,11.9230907,0.440728983
50,46,3,0.973285535,1.647837157,-18.80017462,16.35989572,4.369724821,0.478594299
50,48,37,0.982859455,1.649157962,-21.5369993,15.94547857,3.173801526,0.499876717
50,49,20,0.983805155,1.660842413,-22.23343427,16.04422477,2.330238414,0.507656371
50,50,27,0.984762313,1.719111828,-23.5406244,16.7704735,2.4251569,0.493426374
50,51,20,0.987102551,1.725438147,-24.30265222,17.41631214,1.849408541,0.492894722
50,52,26,0.986566852,1.779449558,-25.28075923,17.08565637,2.118479264,0.486056514
50,53,35,0.986423435,1.783499758,-26.55842175,17.46532262,4.453500383,0.443295674
50,54,32,0.987142126,1.792281383,-28.03473792,19.48275787,5.676796566,0.432739463
50,55,60,0.987805511,1.83417102,-28.76811902,19.08279266,4.615261322,0.429319843
50,56,21,0.988344211,1.855784315,-29.40949536,18.7969309,2.898167535,0.441552979
50,57,21,0.986415767,2.067837695,-30.43841048,18.98594967,5.265670456,0.35192569
50,58,59,0.984018418,1.934307378,-31.32219568,20.18477906,5.595446908,0.329656775
50,59,66,0.979756051,1.96940735,-31.51761407,21.86382183,5.077350547,0.336901181
50,60,113,0.98326466,2.186332384,-31.85752862,23.21448822,6.885753788,0.288285154
50,61,27,0.986243654,2.102901915,-31.51346108,23.4992865,6.349741347,0.304590198
50,62,33,0.985852711,2.155656999,-32.41478885,23.67417776,7.024787426,0.294833842
50,63,34,0.98914651,2.045990733,-31.41366089,23.679712,5.772827931,0.352416247
50,64,13,0.989109135,2.047200195,-30.71998954,23.36108673,5.988991385,0.372713194
50,65,33,0.98579681,2.105318896,-30.05928977,25.08823194,7.342241317,0.327764165
50,66,48,0.977376872,2.209119152,-29.75011245,26.12259174,8.305263959,0.320732397
50,67,52,0.984333974,2.321270752,-27.65688799,26.75497536,8.562261047,0.338066012
50,68,59,0.985201283,2.311492267,-26.05893899,26.91797613,9.126466417,0.35414351
50,69,41,0.985178918,2.347064355,-24.81180542,27.12760747,9.380948635,0.370933125
50,70,6,0.989200091,2.568870263,-22.4499012,27.63604643,8.752080911,0.343385745
50,71,20,0.98138526,2.629539425,-23.10251156,27.81617174,10.33994815,0.367077079
50,72,14,0.988754353,2.628385873,-22.50319818,28.58187509,10.8868294,0.369466781
50,73,33,0.981175282,2.698408445,-22.04858578,29.00715628,11.05308966,0.388911028
50,74,20,0.986115618,2.739956683,-21.1698693,29.96909988,11.17658864,0.396329606
50,75,26,0.981958704,2.802018254,-20.57513915,29.76992908,11.67025708,0.399621245
50,76,14,0.97560049,2.859118755,-19.41376134,30.08083418,11.83176759,0.40679676
50,77,13,0.98006152,3.016560951,-17.87577521,31.55709422,12.4495088,0.408869859
50,78,61,0.980986739,3.010580357,-16.46004856,30.6835333,13.81683507,0.397900248
50,79,46,0.976300314,3.103469854,-15.26361418,30.21095655,14.23899959,0.409643261
50,80,66,0.978476705,3.132539569,-13.769788,29.83988548,12.63322915,0.442471033
50,81,33,0.968918645,3.163206718,-13.46740457,29.30979221,12.50169699,0.456619778
50,82,34,0.975266533,3.13580076,-11.57492476,30.41381326,11.46345548,0.477274395
51,56,7,0.971697655,1.642098337,-29.10388218,18.3871493,2.200385914,0.463319916
51,57,8,0.970802349,1.677169411,-27.50489379,21.4137879,2.338293863,0.465975621
51,63,7,0.981923845,2.014142168,-22.47496046,27.36696519,11.95548989,0.362979105
51,64,15,0.97781935,2.055207059,-24.23473094,26.5983143,8.862410073,0.356289713
51,65,7,0.979523472,2.435892101,-23.16421485,26.55744346,12.71175608,0.380643873
51,66,15,0.97931608,2.629507979,-29.04244517,25.31343202,10.17543756,0.301416503
51,67,7,0.984535101,2.547366954,-23.22583225,26.67913308,11.77720873,0.397857518
51,68,14,0.981441754,2.484799835,-25.35810176,27.31939614,10.44017954,0.310544593
51,69,7,0.986652202,2.615521539,-22.47061802,28.78211132,11.3707895,0.402263369
51,70,15,0.979397301,2.519602988,-23.20380544,26.43742274,10.22626059,0.360578955
51,76,8,0.964791604,2.919978126,-18.11276062,26.49122438,11.05538516,0.449136965
52,43,7,0.96313528,1.661179946,-16.43739539,17.04548502,2.768727982,0.495838061
52,44,12,0.969886457,1.592959229,-16.85347918,15.91567496,6.023488061,0.494735574
52,47,16,0.981560034,1.620146335,-19.84094017,15.95427803,3.304368926,0.460336886
52,49,5,0.986580044,1.675655369,-22.46412303,16.42129976,7.410879004,0.510796619
52,50,8,0.986170302,1.5794518,-23.10661875,17.68192051,2.154042979,0.439198934
52,51,21,0.986879887,1.661391797,-25.29565745,16.98219958,8.490751294,0.493079946
52,52,13,0.988006104,1.631286431,-25.62752034,16.15784173,3.806737978,0.45886136
52,53,22,0.986834934,1.704474131,-25.03279803,15.94225239,4.651972367,0.365764375
52,54,7,0.964967475,1.7749005,-27.09022948,17.00906634,10.55615187,0.411815428
52,55,7,0.974010632,1.842685513,-28.49648837,18.05505156,10.41810479,0.26260173
52,57,15,0.975647785,1.960618024,-29.54756613,22.16250036,2.953083144,0.429798088
52,58,16,0.981216343,1.893526657,-28.57472362,23.33744155,6.484206127,0.343587258
52,59,7,0.991223503,1.949282998,-25.65736744,23.98942654,8.234201765,0.290617687
52,60,8,0.989843156,2.015712615,-26.66075824,23.71657363,8.075098712,0.297827159
52,61,29,0.983244889,2.095445261,-29.78265246,24.48440357,8.102021318,0.33876996
52,62,16,0.984123003,2.105052254,-27.76429918,24.57083257,8.065979487,0.358503742
52,63,52,0.980360877,2.626715169,-30.80274579,24.72425074,8.271425352,0.257954881
52,64,60,0.981938008,2.56473001,-31.06241801,25.54147006,7.407853529,0.288859044
52,65,54,0.982074896,2.396314128,-28.71235933,25.80100676,6.224241424,0.329001406
52,66,8,0.975320299,2.631453796,-29.1933366,27.00250043,8.205019316,0.278220772
52,67,117,0.97982787,2.501296471,-29.64582561,25.53637682,6.679307785,0.307797268
52,68,8,0.988651814,2.669307994,-25.66276336,26.1271368,8.824621508,0.300236346
52,69,38,0.977507916,2.395123268,-26.60974896,25.21005819,7.348975677,0.369053754
52,70,39,0.978720471,2.350750793,-26.56894105,24.82498292,7.394689993,0.402335068
52,71,23,0.987994753,2.342102333,-22.37307459,27.6180372,8.311851542,0.373838043
52,72,21,0.985840038,2.475300042,-22.97524242,28.04797025,9.042501431,0.36049481
52,73,31,0.985017076,2.438400705,-22.23524158,28.91789639,9.018025181,0.375565538
52,74,23,0.980125119,2.487254049,-22.0832071,27.93746104,10.30380544,0.407217637
52,75,23,0.976810972,2.614248759,-20.90711659,29.13323877,12.32846143,0.428213092
52,76,22,0.989906154,2.547338457,-20.3219246,29.45050862,12.96906305,0.381041891
52,77,23,0.982792206,2.589424186,-20.01219893,29.95357626,11.70790627,0.40376209
52,78,23,0.983100587,2.664674101,-19.59073879,30.34034469,11.70692778,0.411745712
52,79,30,0.980523919,2.628172471,-20.3240175,30.54564639,11.71679139,0.418585484
52,80,45,0.982609516,2.621549614,-19.39004724,30.49718435,12.37123562,0.428223485
52,81,22,0.989513623,2.862104969,-16.37838686,31.17739063,13.91529011,0.433385164
52,82,53,0.985688553,2.881795579,-16.45320753,31.07456516,12.60968257,0.447123199
52,83,44,0.975834968,2.941764666,-15.03194298,30.32031728,13.33109566,0.459311844
52,84,83,0.978580039,2.984687213,-14.77017621,30.69709617,11.687811,0.467466187
52,85,176,0.97770135,2.977971927,-14.04598025,29.05900241,8.658272193,0.47502768
52,86,31,0.979134928,2.842731605,-14.27978274,28.65329885,7.993682048,0.484709422
53,42,8,0.967327098,1.634198447,-15.62523852,18.41931549,4.236786798,0.504383283
53,45,16,0.978349328,1.665312952,-18.70014313,16.51561457,2.513109888,0.50647483
53,47,16,0.98169202,1.624270729,-20.97927398,15.28598137,2.331184287,0.502796892
53,48,8,0.984300731,1.574329851,-22.14393667,17.35165457,2.643486944,0.495905504
53,49,8,0.988758959,1.678466686,-22.12212721,14.89261035,1.732983426,0.507291915
53,50,23,0.987468328,1.59687626,-23.76787073,16.86050675,2.363617257,0.507458332
53,51,50,0.985067965,1.663190593,-24.85588836,17.81587503,5.612143961,0.504373852
53,52,52,0.989131127,1.571326069,-25.65683803,17.80250582,5.141525744,0.503528986
53,53,25,0.987709335,1.580338301,-26.87890336,19.14286555,1.884585788,0.505002966
53,54,15,0.990112996,1.645746443,-27.46047912,16.77652609,3.770926219,0.424683666
53,55,8,0.977598728,1.738894586,-28.59179766,19.88434863,3.32045731,0.431214394
53,56,32,0.983990808,1.781180317,-29.52600483,19.67145381,5.513335058,0.3928221
53,58,57,0.987786296,1.767331262,-31.22058995,20.83385007,3.194781485,0.401619988
53,59,15,0.974066608,1.974606461,-31.42456008,18.0786204,3.862481147,0.387254487
53,61,15,0.974373941,2.371641039,-32.49606047,21.09921258,6.095552605,0.313181073
53,62,16,0.98299565,2.209670865,-32.46290643,24.39449084,5.045080319,0.356244189
53,63,8,0.991180128,2.216778264,-29.91871048,24.24945641,8.395503552,0.364323255
53,64,15,0.981508485,2.248388963,-27.14114853,26.4416739,10.95975502,0.362892326
53,65,31,0.974858923,2.438962586,-30.9235273,24.1398607,6.684174659,0.327641094
53,66,22,0.984707526,2.560720616,-33.7325837,23.99909906,4.731830982,0.298523942
53,67,61,0.983022736,2.514119258,-32.6379196,24.66082314,4.968035324,0.319465176
53,68,8,0.976921042,2.524083078,-31.71596153,24.9350923,4.338697295,0.309247303
53,69,8,0.961642392,2.265299739,-28.90171501,23.73748056,7.913564365,0.416497841
53,72,7,0.970527488,2.390435214,-26.96938855,24.86128016,9.651586777,0.445579666
53,73,15,0.98831447,2.448201419,-24.12353039,28.14386136,8.800457498,0.419346194
53,74,8,0.965332257,2.579029369,-22.88364064,28.60437527,10.30191038,0.46683616
53,76,14,0.97389539,2.589079367,-21.51597866,28.23008453,11.33086939,0.429677425
53,77,8,0.970217276,2.371293218,-20.5345842,28.34986806,9.857988129,0.392259175
53,80,8,0.985206721,2.482491171,-22.66643273,31.8869288,11.77297518,0.426812165
53,81,23,0.980829366,2.586947745,-20.73649267,29.29402527,11.41977645,0.47227214
53,82,24,0.986262977,2.518771416,-19.90430982,31.81544404,11.98896943,0.461719494
53,83,56,0.984601373,2.707092737,-18.08842611,31.23079982,11.9472548,0.468698463
53,84,24,0.989152884,2.66903464,-18.41748531,31.03745557,9.776863874,0.507564355
53,85,92,0.975612532,2.780231471,-17.08337843,29.36223844,9.791266985,0.486285149
53,86,95,0.982118211,2.672509814,-16.30267366,30.10288315,7.561142677,0.501522714
53,87,31,0.969552257,2.705651362,-16.14590202,29.12690291,7.536493613,0.495193028
54,46,8,0.978149658,1.55095853,-18.74407505,15.78510137,2.455674488,0.500353297
54,50,10,0.985301565,1.565431289,-22.73401275,16.38445722,2.214162318,0.497481095
54,53,8,0.99147353,1.634601378,-26.95518405,18.84389024,1.645896308,0.511607837
54,60,17,0.985374535,1.942525123,-31.89301924,22.08835885,7.197118038,0.236445462
54,61,9,0.989637228,1.882825702,-32.47686934,22.31924883,7.374585055,0.245760244
54,66,3,0.966301328,2.1006407,-30.01717213,24.90233271,4.059330198,0.495450738
54,67,9,0.978723264,2.237152148,-29.06366114,26.7218831,4.819482635,0.350433635
54,68,36,0.983435564,2.578851725,-23.29543501,27.15377272,7.089408892,0.316996789
54,69,60,0.988910866,2.512262389,-23.002539,27.30529835,7.539308044,0.335361542
54,70,62,0.989073731,2.604909045,-21.90026812,27.61100261,7.651419531,0.332020546
54,71,27,0.985585136,2.462090234,-20.59611612,27.85206041,9.502106605,0.38263838
54,72,8,0.988480909,2.685523822,-19.61493264,29.25310078,7.991226656,0.3461799
54,73,18,0.988832181,2.51562824,-18.8509679,30.77222355,10.87319346,0.398111969
54,74,9,0.991187218,2.58451328,-19.03124071,30.70780337,9.085594746,0.358038272
54,75,8,0.992683261,2.5717513,-18.76982538,30.57952422,9.824894292,0.366935434
54,76,27,0.983733771,2.455181003,-17.6752592,31.65753409,11.78910113,0.422226328
54,77,9,0.993776236,2.547009437,-17.64665183,32.75098517,11.08656234,0.382660896
54,78,34,0.991842207,2.555673384,-16.79787907,33.01551961,12.12248789,0.430270099
54,79,26,0.991652244,2.505578214,-16.74005704,33.71859192,13.30502012,0.427587403
54,80,35,0.990355471,2.49638896,-16.25053337,33.36766713,13.33106161,0.432167604
54,81,44,0.990494185,2.505276706,-16.50868509,33.16977105,12.53774214,0.44797549
54,83,9,0.986516237,2.562431334,-16.35596948,32.31302655,10.97968574,0.459072365
54,84,9,0.987593598,2.580780909,-16.43568924,33.16392922,11.3598169,0.464194102
54,85,53,0.992322573,2.585200561,-15.75656366,31.61181351,12.30457948,0.46039166
54,86,43,0.988014339,2.590489067,-14.56961743,31.28808817,11.97192878,0.488056976
54,88,9,0.979725987,2.721330978,-13.5657939,30.67276289,11.09941918,0.507544064
55,52,15,0.986950753,1.574274214,-26.11963246,17.45010817,2.630276428,0.501309297
55,53,36,0.990971383,1.573420802,-26.74612258,18.00848223,2.326595848,0.502753461
55,54,17,0.99036997,1.5763235,-26.97087695,18.68772839,2.471508935,0.50053797
55,55,18,0.99093851,1.567957404,-29.03002091,17.83198832,1.686736937,0.504551623
55,56,9,0.990110447,1.635852299,-29.65260238,18.42900879,7.167604194,0.343254013
55,57,106,0.991964671,1.627731369,-30.44793395,19.62731067,3.544883877,0.407708723
55,58,44,0.992494387,1.69341924,-31.42679364,18.13796255,1.943921422,0.443382406
55,59,27,0.987762048,1.88538384,-32.26766226,18.91593098,5.099973305,0.305432289
55,61,36,0.987281506,1.973717288,-33.58790564,20.79515215,5.371916364,0.312937535
55,62,9,0.982393088,1.963437668,-33.0697219,22.79993984,6.510967582,0.300514055
55,63,18,0.984904072,2.054190429,-30.76812247,23.92549886,6.508344993,0.303848227
55,64,17,0.988606132,2.028224989,-28.93077745,25.75043887,8.595399532,0.323501718
55,65,9,0.990522195,1.992606584,-24.55560942,25.02102626,7.343489211,0.341898298
55,66,9,0.988785589,2.048327294,-24.0230111,26.43685733,9.574359861,0.355804514
55,67,17,0.987607305,2.043002032,-23.5668496,26.30316552,9.327616533,0.363526547
55,68,52,0.989154171,2.494647493,-24.19983034,27.4794307,7.27897881,0.340450093
55,69,116,0.979801797,2.422014357,-24.10770897,26.23241566,6.766100049,0.345485934
55,70,25,0.986916135,2.395848702,-22.09239774,26.92908477,10.54223746,0.382789969
55,71,18,0.985298339,2.44296318,-21.10762552,28.53381386,8.083593868,0.363411781
55,75,9,0.975045934,2.491449395,-18.30610969,31.49482769,12.53626544,0.457771251
55,76,26,0.985884799,2.539002348,-17.11219959,32.33145196,12.63850427,0.456847789
55,79,9,0.984957756,2.702362958,-14.09221017,33.07485311,9.960424153,0.502139289
55,80,9,0.990554678,2.651239511,-14.11987414,30.86805188,9.382238197,0.508883913
55,81,26,0.986106566,2.463484652,-15.23953976,31.7980813,11.17881033,0.469800027
55,82,17,0.992130065,2.402037159,-16.18324078,33.08711479,11.03139724,0.447237707
55,83,18,0.990568447,2.509732731,-16.26125935,32.32029872,11.23023835,0.451372758
55,84,8,0.989273565,2.610997246,-16.25943274,33.2975936,11.27697069,0.456756916
55,86,9,0.989645203,2.583363881,-14.57255477,30.33857839,11.53586854,0.490294764
55,87,62,0.987351095,2.680588574,-13.83184615,31.83325376,11.08951937,0.501344825
55,88,97,0.983621281,2.777375363,-13.8119717,30.80578499,10.86751615,0.504583577
55,89,9,0.99009948,2.749136147,-14.76213683,31.11392423,11.00414344,0.500026067
56,59,10,0.989760025,1.668636023,-32.23121206,15.85941763,3.562992498,0.439698942
56,63,10,0.984865573,2.054405942,-35.44490752,20.44438003,8.229247009,0.284985661
56,66,20,0.9886573,2.098703777,-35.29543499,22.56058843,5.435016829,0.331060122
56,69,20,0.987222007,2.006853182,-27.61658991,25.40055822,5.604871408,0.375589223
56,70,27,0.978494046,2.028976943,-22.68491164,26.24361129,7.183017841,0.376915678
56,71,20,0.991700278,1.833310373,-29.39514364,23.58040655,4.382553581,0.379456163
56,75,20,0.979014409,2.118116801,-20.09005761,23.55394452,5.96680677,0.411576032
56,76,9,0.975763076,2.042122632,-19.64262495,24.24983887,6.250726121,0.432434089
56,79,20,0.985664132,2.346242115,-16.86649637,29.39685075,8.655140523,0.46032507
56,80,30,0.98793909,2.281052653,-15.36586206,30.78255333,9.449779344,0.472242522
56,81,30,0.989521982,2.255286613,-14.61316766,31.15111392,9.781075627,0.478096793
56,82,10,0.990713655,2.194069896,-16.69651009,30.67590035,11.3458153,0.453361418
56,83,20,0.978387816,2.141449377,-15.82977379,29.59029095,10.49128291,0.459271702
56,85,10,0.97861195,2.136015932,-14.16890309,29.18187684,8.471962751,0.501682907
56,86,10,0.986792506,2.176716381,-13.43234193,31.30926835,8.165275941,0.504306498
57,50,29,0.989859291,1.618988302,-22.86447619,15.90355572,3.097359803,0.497789562
57,51,18,0.991836324,1.645577379,-24.65576889,16.24647016,3.216394142,0.497487346
57,52,29,0.992239526,1.619665548,-25.71184844,16.37792326,2.839860878,0.497106024
57,54,9,0.992555799,1.628832623,-27.90336249,16.86670809,1.961764709,0.497452145
57,56,10,0.992807059,1.650788423,-29.44270119,18.60462501,1.849670231,0.500446639
57,57,61,0.991725983,1.648593726,-30.66716402,17.42688872,1.96521855,0.495154654
57,58,10,0.991390444,1.648249669,-31.8166352,18.18649823,1.637228548,0.483662167
57,59,40,0.993414358,1.638812247,-32.44195749,18.05209097,1.796672166,0.474847904
57,60,100,0.992763394,1.655328509,-33.46647701,18.61617659,2.168484528,0.470860813
57,61,21,0.990447741,1.683840393,-31.85923878,21.06404409,3.713203776,0.369077702
57,62,60,0.987376087,1.714251188,-34.68772819,21.42940862,2.715925206,0.445301074
57,63,20,0.979472305,1.950406796,-35.42559582,19.45245218,8.334688143,0.291562008
57,64,41,0.987546335,2.006283229,-35.31349112,21.32378418,3.498455645,0.426884542
57,65,21,0.97824231,2.040018722,-35.0478221,21.87212319,5.442666603,0.375930691
57,66,49,0.984273798,2.136956408,-35.50967351,22.24123221,6.130152116,0.31536848
57,67,20,0.992281355,2.193487069,-34.37184399,23.11578948,7.44859835,0.27392882
57,68,20,0.970449724,1.909712065,-32.53992242,21.63962209,3.249973409,0.368742768
57,69,29,0.993350197,2.08536406,-30.7930056,24.61799736,5.249088062,0.361091139
57,70,49,0.986777139,1.932131206,-30.09948902,23.98521904,4.005795754,0.36604216
57,71,20,0.989787507,2.036726325,-25.41134103,25.11765102,4.395100017,0.368971376
57,72,49,0.991943398,2.015562968,-27.29209675,25.68250266,4.680994972,0.3788339
57,73,80,0.98812888,1.895050565,-29.70395541,25.76523059,4.74759883,0.389492976
57,74,40,0.990356441,2.120834763,-23.10548842,26.29035044,5.884340867,0.401455969
57,75,10,0.994302309,1.982775328,-26.62761682,28.8844449,5.467387643,0.430030208
57,76,20,0.994870202,1.967407884,-22.73544317,27.73224121,5.439374976,0.431118635
57,77,49,0.991854199,2.016489049,-21.08687337,27.21907977,7.232375588,0.443370975
57,78,52,0.984808037,2.143789734,-19.83269601,28.71815722,7.526466918,0.443980569
57,79,28,0.98592066,2.301139522,-18.47274831,28.24431833,8.099298399,0.453158355
57,80,10,0.969492674,2.281745807,-18.91022732,26.33666456,7.85065599,0.445512374
57,81,19,0.99140423,2.192873671,-17.34318859,29.83143343,11.35521079,0.446437918
57,82,39,0.986862797,2.197429499,-16.6605203,30.69254276,11.0319237,0.465057421
57,83,49,0.987337928,2.256061949,-16.27558033,30.99884395,10.66782055,0.476326014
57,84,69,0.993083061,2.314323356,-14.88202208,31.59390539,10.66299603,0.48864767
57,85,89,0.989931927,2.156751135,-15.65198124,30.76971565,10.0964387,0.492063635
57,86,49,0.991963428,2.394113954,-14.49443101,30.85901061,9.955459101,0.529363957
57,87,69,0.98928701,2.440121611,-12.19081909,32.65683697,9.650564766,0.534277546
57,88,160,0.986735187,2.512149551,-11.8830351,32.92333982,9.357428865,0.555128932
57,89,69,0.980947272,2.429564576,-13.64392832,32.35574639,9.223950722,0.553991711
58,58,11,0.991919222,1.672628577,-30.96232131,17.89607106,5.765806067,0.350063018
58,60,10,0.966574529,1.709530516,-31.43814061,21.13924038,6.63066931,0.376094709
58,61,22,0.964498781,1.628247076,-32.32829425,20.20920624,5.964740731,0.353928792
58,62,11,0.98569674,1.6078384,-32.50494669,23.39806878,3.386989509,0.402517188
58,64,17,0.976956141,1.790781891,-34.62817758,20.5516877,6.933738545,0.408070179
58,65,12,0.97745319,2.071247646,-34.59918601,20.27506406,11.86881015,0.413566312
58,66,10,0.993256871,1.877881807,-36.45876241,22.42562965,3.220514725,0.369112106
58,68,7,0.994158592,1.986934273,-34.85836333,21.99459531,5.152917435,0.429260792
58,69,40,0.988944796,2.046202812,-32.56148665,22.30655674,7.575128418,0.347131992
58,70,34,0.989920106,2.100158208,-30.08489217,24.18032558,6.525925772,0.326549602
58,71,33,0.986373151,1.970035597,-30.78745573,25.25482225,5.722133224,0.363194391
58,72,42,0.988136315,2.108810872,-31.10788641,25.49209655,4.48680398,0.323160451
58,73,45,0.989230844,2.080978704,-31.70423599,25.28947767,4.30113686,0.352948354
58,74,10,0.988529322,2.098436366,-30.19830819,26.86793666,4.153031316,0.336024302
58,77,22,0.973713502,2.050134651,-24.91898692,25.55092259,6.085499285,0.428501407
59,50,12,0.970494086,1.732649887,-21.03167695,15.43527975,2.46645224,0.50494096
59,51,11,0.983214761,1.752732807,-24.82098299,13.96938553,2.258941535,0.497911716
59,53,11,0.991457958,1.702003882,-26.63196845,18.01461808,2.261645068,0.500983396
59,54,11,0.993039634,1.732841857,-27.73522295,17.38489225,1.970137287,0.500095957
59,55,11,0.993858149,1.765082527,-28.80047851,18.88133063,2.115190075,0.501689081
59,56,11,0.993614129,1.746291571,-29.75148678,16.84595754,1.820423551,0.492781396
59,57,34,0.995181523,1.717597714,-30.64091501,17.68287187,2.653801973,0.482146875
59,58,69,0.990856438,1.689331165,-31.06755404,18.73830654,3.123781542,0.466145105
59,59,23,0.993956649,1.650049291,-32.44136593,18.43971421,2.24595039,0.484398401
59,60,66,0.989590891,1.657737163,-32.87532953,19.32010844,4.940593583,0.419293805
59,61,57,0.99322734,1.623403593,-33.44937763,19.9360225,3.530069343,0.460478794
59,62,34,0.992631663,1.627698207,-34.93602536,21.06263238,2.704739589,0.461078654
59,65,24,0.983399968,1.886832853,-33.23828494,23.98050794,4.383198864,0.288711056
59,67,11,0.992134492,1.936341041,-32.17086116,22.4463987,4.342959148,0.394919196
59,69,22,0.994271311,2.111551256,-33.79912756,22.0491066,6.563921103,0.343987854
59,70,11,0.963094764,2.109486807,-35.32043762,21.87858382,5.146594369,0.306859544
59,71,67,0.988030338,2.12454231,-31.96003622,25.15718696,6.070140466,0.306386745
59,73,23,0.992262946,2.023034599,-31.08890393,26.61921754,3.818297417,0.34317193
59,74,23,0.990229419,2.063836841,-30.04750616,25.75414705,3.855265434,0.359966644
59,75,23,0.990124349,2.099302076,-30.4349245,25.01048837,3.894913967,0.364729984
59,76,12,0.994694584,2.140797879,-24.89485807,27.50872879,4.120961538,0.34590373
59,77,22,0.994959113,2.155784803,-21.80978752,28.57821793,4.120456315,0.351356176
59,78,11,0.994948617,2.108604206,-22.72851722,25.910514,4.471903788,0.362182313
59,79,44,0.992827967,2.158817779,-23.84224339,27.07497328,4.783725029,0.387763693
59,80,34,0.99442307,2.289884172,-22.70963331,29.18545275,5.374136483,0.374178189
59,81,33,0.993876901,2.139374287,-23.0132723,29.13777014,5.985588772,0.413350113
59,82,33,0.993675712,2.209120871,-22.1394858,31.21204793,6.239461299,0.401440958
59,83,46,0.993353797,2.308133384,-21.86327624,29.94362164,6.895284204,0.405970926
59,84,66,0.992888098,2.077578567,-21.7436209,30.10190696,7.340955055,0.423424914
59,85,91,0.991569644,2.246794981,-21.98916564,30.11096031,7.695488882,0.425164566
59,86,56,0.989885054,2.248490104,-19.9708451,29.50566951,8.382739149,0.445559994
59,87,102,0.989058644,2.368735025,-18.34485897,30.490699,8.35036915,0.453215461
59,88,100,0.992545577,2.390551052,-16.00066523,30.71822918,8.595573424,0.455769442
59,89,123,0.988576552,2.168261158,-17.56875325,30.86081006,8.860110704,0.467167323
59,90,46,0.99112615,2.240061194,-17.78848361,32.06497012,9.097564735,0.472085512
59,91,34,0.991527499,2.289670243,-17.50820618,31.16780227,9.402121455,0.488688242
59,92,67,0.994015067,2.306932473,-17.8050089,32.45815609,10.04111538,0.492318943
59,93,156,0.991410013,2.296085836,-16.61443263,33.06914881,10.61300318,0.484645624
59,94,147,0.993442087,2.354196927,-16.68132464,32.71882696,10.58231686,0.499967614
59,95,11,0.99549574,2.409706735,-16.51347489,34.48372535,10.49479298,0.502129726
60,50,11,0.989919467,1.756660239,-21.72467641,14.44631775,2.815363018,0.481551344
60,53,12,0.993826854,1.733737309,-26.08874795,17.10969705,2.814698852,0.486624803
60,55,12,0.994514099,1.718063524,-28.62188377,16.89460803,2.821829749,0.486465358
60,56,12,0.994841892,1.732446609,-29.77322868,17.90006336,2.654296898,0.482117591
60,57,11,0.992378681,1.714079789,-31.15759943,19.15814296,3.230623166,0.481999453
60,58,10,0.9949109,1.706764634,-30.36301482,18.84669921,2.864684469,0.484546023
60,60,24,0.976376295,1.725955094,-32.22823354,20.6663264,2.257924653,0.485791999
60,61,23,0.983586035,1.683504239,-32.57606014,19.89380647,2.280322787,0.488595964
60,62,11,0.989260259,1.736371231,-32.89637621,20.60275462,4.488323208,0.362895792
60,64,12,0.990645781,1.758608393,-33.23939322,22.14634853,4.749872797,0.285005574
60,65,11,0.964216385,1.945723714,-34.17653209,20.80388647,5.299647975,0.408043597
60,66,13,0.969928656,2.01758783,-32.51223273,23.22711276,6.197074087,0.32181199
60,70,12,0.994516035,1.96932325,-34.27942885,23.89680304,3.675860155,0.381183176
60,72,35,0.986569629,2.030143582,-33.13663568,24.02595598,4.604675605,0.331023734
60,73,105,0.991049401,2.04963987,-31.94210315,25.55256437,3.917711826,0.345181863
60,74,118,0.994467253,2.086308622,-30.38513809,25.84180108,3.830103875,0.353926588
60,75,24,0.995230514,2.118384864,-29.86597367,25.98828309,3.805909358,0.346047923
60,76,34,0.994634146,2.172963978,-29.92494011,26.0197053,3.482979022,0.366141267
60,77,59,0.990422584,2.169432641,-28.61627452,25.48730761,3.843199244,0.386877927
60,78,36,0.995506093,2.255085278,-26.23034318,26.13436667,3.809367272,0.390780094
60,79,23,0.993492378,2.27330255,-25.09837562,27.78314371,3.97538229,0.400016917
60,80,24,0.994971912,2.372687419,-23.02445815,27.90554198,5.066729903,0.404546593
60,81,24,0.996289738,2.422649718,-18.50564039,30.11447815,4.330074683,0.40322775
60,82,59,0.994119345,2.498939439,-18.46617557,29.31350271,6.310986914,0.413749461
60,83,36,0.99061478,2.506098447,-18.44451339,29.44809197,6.475084156,0.419529869
60,84,94,0.989283255,2.443668002,-18.33321368,29.8231352,6.89796538,0.432486098
60,85,23,0.98304845,2.248859442,-19.01683678,28.36051132,7.980943744,0.439985567
60,86,23,0.990930777,2.480752747,-17.45215733,30.63006047,6.775274307,0.433852674
60,88,23,0.992656398,2.575181497,-17.48535127,30.29352931,8.223182245,0.449364992
60,89,24,0.991427497,2.561217329,-17.40750422,31.83361656,8.68281697,0.459624848
60,90,11,0.992366804,2.594055413,-17.18400475,31.69897515,9.030966826,0.462560403
60,91,35,0.995168307,2.602470425,-16.70939457,32.42848124,9.289396821,0.466072689
60,92,95,0.994532046,2.590509169,-15.97277392,32.73758878,9.319872583,0.485821094
60,93,141,0.991725431,2.509852379,-16.5309795,31.799017,9.709679987,0.503671772
60,94,70,0.994117377,2.518542037,-16.26037501,32.83028994,9.598465359,0.505671738
61,64,12,0.98741654,1.715927044,-34.8499558,21.34142921,5.621960886,0.393796096
61,66,25,0.992754012,1.941322445,-31.92717708,24.39059132,5.67625706,0.318800597
61,67,27,0.985443275,1.925030325,-32.84707046,22.49527748,3.802848411,0.361136061
61,68,12,0.965913827,1.886333506,-34.55060456,19.94456061,4.564458658,0.411951465
62,66,13,0.991504899,1.61663349,-31.14988798,24.50487907,3.292717549,0.400014626
62,67,14,0.974094539,1.797427767,-31.36597682,23.89179124,1.718574652,0.489901105
