frequencies;SPLs;Total;clarities;crests;SBs;CPPs;qdeltas;qcis
46;74;1;0.9416723187366666;2.6404128693320583;-25.113328561992226;1.2840795964215843;7.375059676401361;0.44963562812355323
47;54;1;0.9408196622559057;2.2492164362130866;-29.457333370511492;0.7677575256460529;5.247369972985783;0.383056588689591
47;57;17;0.9514599773306583;1.964517566291912;-29.472379794131864;0.8594183457323807;6.211453912912238;0.28470715945648367
47;58;21;0.9510618282983219;1.9419139524047957;-29.825481010558775;0.926377802709118;5.922326236017772;0.2898392792214253
47;59;8;0.9510527390689639;1.9940811121647037;-29.508480145243247;0.9564495210603156;7.901033792737543;0.31251963236340397
47;60;6;0.9512038519163313;2.088987081637644;-29.914496793065137;1.0022093845961704;5.464118035892056;0.303932919072503
47;61;7;0.947883325568393;2.0531766882256877;-29.45677515981313;1.1455641938801;7.375983761767787;0.3107652650638644
47;62;5;0.9486270299979406;2.1584677607266833;-29.07494817085162;1.3394055232646074;8.800017111330025;0.3150205780477695
47;63;10;0.9507954181522719;2.1724609624637865;-27.208770471558402;1.2765652538806667;8.686205677821011;0.333695738691322
47;64;3;0.9512621315291662;2.314559237203437;-27.37800723144061;1.1792893490668257;9.330484801954404;0.3419433853035058
47;65;3;0.9506935448279815;2.3245737027058047;-25.965560396449373;1.4016806507420314;8.43213496579421;0.35690106608365174
47;66;1;0.9420461524302653;2.403497370555855;-26.714960175882233;1.2234191486101809;8.056353725446103;0.3821040583558284
47;67;1;0.9498817968521057;2.318846008156519;-27.62173373510018;1.3835864618923865;8.110395549523776;0.3992247808799704
47;68;3;0.949303818521339;2.5741195850657914;-24.609259086155628;1.4876669968282288;8.725839808175373;0.3837771045949287
47;69;5;0.947499584768271;2.607535353539729;-25.056343597182252;1.3865059551308287;9.542122177471672;0.3901897135922404
47;70;7;0.9447944777880336;2.662263884449838;-25.439371379186692;1.3307282122274207;9.806128594557313;0.39668951286830156
47;71;3;0.9451925783521117;2.766858868129731;-22.991590159214415;1.4594651543363149;11.179950267426966;0.41461820257840065
47;72;2;0.9441960342526647;2.8419367099576442;-22.35250681665585;1.441115344424315;11.994296072655715;0.4133615523053472
47;73;1;0.9430870162289646;2.852463662534606;-20.7965257949435;1.4735845414763937;13.131244125141354;0.4252061542316984
47;74;1;0.9545179633004491;2.817114904323456;-20.21470120036745;1.790379202832888;13.284358534536285;0.42528125302713915
47;75;1;0.9539040830287936;2.7727003412037488;-19.415501237947993;2.061019334727651;13.71500841146399;0.4300471950125355
47;76;3;0.9438416447498872;2.8288514032091228;-18.205364784536503;1.6677677871461845;11.154601136932072;0.44240507917419986
47;78;7;0.9447599803091729;3.0110678393905705;-14.982045647817557;1.658728013809224;11.048639417968841;0.44472813160446606
47;79;29;0.9438284625342677;2.95473996966925;-13.089463422081888;1.6261199661375216;9.283890722236631;0.4811680804760807
47;80;9;0.9415566591477477;2.8561751044251573;-12.369231022845025;1.739185527787462;8.802570025554763;0.5026942810128648
48;56;2;0.9504950613039613;2.030337126458333;-29.636115612684385;0.6407796547233352;7.995374397198127;0.27387447544211363
48;67;1;0.9484303150212904;2.741985401045556;-23.591958957271956;1.6600233435510652;10.58635121040545;0.3510008890539238
48;77;1;0.9433983779940208;2.8348793733812947;-14.818947371920444;1.3884874715377946;8.977718103789227;0.47799994156885806
48;78;2;0.9463218696809808;2.9747795702657855;-15.017063760257187;1.822737661377779;11.263507160023561;0.4308894388160661
49;55;3;0.9636593194304698;1.8452304011495688;-28.113555784955512;0.6384787201366781;5.497094098801258;0.3968850462811993
49;57;1;0.9612134018673553;1.937029702972508;-30.176168661958556;0.6590428692228051;6.127914360257236;0.3629717751865579
49;58;5;0.9596938918748961;1.9494465078979508;-31.38463352515647;0.81445152714487;5.172899253123004;0.31707083341424974
49;59;15;0.9595816072541277;2.0577505263656106;-31.614740299715155;0.9500055303336513;6.925509823700056;0.27592472399999984
49;60;10;0.962218872744716;2.1825266070178304;-31.99781201806537;1.0282749095808768;8.383939503295764;0.24665872678136172
49;61;2;0.9619449547722432;2.0403898760888906;-31.98095672111239;1.0820769288537488;6.462052967014044;0.31980856652659345
49;62;5;0.9622657868011084;2.006978252562022;-31.536166726918992;1.1240307862995162;5.23277325739483;0.3510268625051888
49;63;4;0.9629949111389323;2.020275714983912;-30.82540163515597;1.0294300663107177;5.381266593672942;0.37627825596175085
49;64;1;0.9621962084494133;2.049877952870817;-30.55534341597926;0.9452824605333757;6.310051187993934;0.3754405235316305
49;65;4;0.9611723876120859;2.129432382660701;-29.891614601095206;1.2279812609269836;8.11294289614957;0.3402357987290112
49;66;10;0.9596767604303371;2.2372095539458625;-29.012220874495473;1.405966899815828;8.697564285666603;0.3308243459209768
49;67;6;0.9621769062456941;2.3626219663992685;-26.739390878732053;1.4590490910816387;9.366874364481943;0.34743953721013326
49;68;8;0.9623556135063541;2.317760049160956;-25.314863466836204;1.569699193100727;9.418118429590272;0.36077800396388715
49;69;5;0.9603956155293509;2.40077154320731;-24.499129868497604;1.5371474141717094;9.823052498658372;0.3756996525249361
49;70;3;0.9573959077344675;2.5768456116647087;-23.050332659750556;1.644107885181781;10.916700541945152;0.37176345668918165
49;71;2;0.9626225507239552;2.5888597267312803;-23.82869551296469;1.5277407896097217;11.479633656878999;0.3832333741935616
49;72;4;0.9596721518063526;2.649436315944186;-22.71878558924795;1.9127583540484119;11.782440781932445;0.3881843180489977
49;73;4;0.959601566194118;2.7238592578879985;-21.755991841366303;1.801446033132894;12.047947349679896;0.39421567586307765
49;74;4;0.9622383434019868;2.764265361093698;-20.89148235426829;2.0507057479730797;12.529300351824752;0.4027016372817228
49;75;3;0.9619164760250007;2.8078268400849242;-20.135592422554826;1.947173803261964;13.492350140344548;0.4082718249453656
49;76;2;0.945275364331229;2.9484353663232814;-18.1263455956765;1.7783954972377234;13.557234788948925;0.40105254111818
49;77;5;0.9595649521766413;2.997545725404762;-16.971929500094;2.2788385527268864;13.9771023868704;0.3974853304965485
49;78;8;0.9602386183487625;3.074775979449817;-15.709902153397646;2.1241939213849688;14.793790273302987;0.4099949086967679
49;79;8;0.9524799103039133;3.129692451578429;-14.726440655988768;1.7762982334646735;13.977252819859274;0.4219442849090421
49;80;16;0.9528831702261422;3.137709008904498;-13.475932757355135;1.858450512020573;13.348552586646068;0.4558527924608619
49;81;7;0.9464460072952185;3.1679571243486664;-12.271544346758876;1.6691063221850073;12.854449540667606;0.4690026648366504
49;82;3;0.9455431332582581;3.10360918457803;-11.497160581471485;1.9380190558681594;11.97810613455467;0.4760771834283815
50;54;3;0.9636385574718721;1.8339403937880618;-28.77990636988773;0.6876987945484155;7.587859108167964;0.3578010053046638
50;55;4;0.9635980240590207;1.84094530585828;-28.92633202669833;0.701573884824309;6.590197722111677;0.375755996646467
50;56;2;0.9550709770861587;1.7928853325073972;-28.555358388056774;0.7996586161667649;6.664049560994474;0.3408110891531839
50;57;1;0.9642573183590938;2.108109898098812;-31.076381782708893;0.6993968831302755;5.584261393473003;0.36477589577751696
50;58;4;0.9593949343423192;1.9920524838545586;-31.86961807652416;0.7157051249539756;6.287636503711229;0.3199564779406541
50;60;1;0.9613715367335214;2.3224475531551834;-33.06939751485664;0.9165413904429864;8.999266725754243;0.23168018565525691
50;62;2;0.9626228047378939;2.226924995127021;-32.87297478433132;1.1162896871243282;8.500591541655645;0.2545344075784375
50;63;1;0.9634140384506824;2.25238938284158;-22.86697894997519;1.3541262812224775;13.209618208501254;0.34518610222974894
50;65;1;0.963173434932603;2.284485149444329;-29.79281400954641;1.4821905988356374;8.04163704472837;0.2797989715204331
50;68;1;0.9620176243596558;2.2506221569973253;-26.288590433969354;1.5558533648447288;9.35491962897871;0.37607820547747844
50;70;1;0.9622166380938194;2.6054701356539267;-21.87707529860245;1.8896244054185427;11.945420334508059;0.4014727429220855
50;77;1;0.9633853716262814;2.9706343587310577;-18.078845286702204;2.4225932048076744;13.101577636619282;0.40311247614567264
50;78;2;0.9574366615083154;2.9153511547141546;-16.32726122994316;2.1787204807409575;14.912143006045056;0.38676515337888756
50;79;2;0.9480195292682909;3.150791718574993;-15.41171602745197;1.839976345314345;15.874428521404592;0.43465650702575265
50;80;4;0.9501741879169409;3.1630354428587264;-13.646318147102905;1.9475852550458517;14.041639803765081;0.45349591814172824
50;81;1;0.9528410203975327;3.216212805058126;-11.024943142426416;1.9387636230874339;12.435259312403536;0.47038053722974804
50;82;2;0.9590604440609733;3.1297613529760477;-11.79908751767757;2.54509278992409;11.757307976200051;0.482206194904339
51;55;2;0.9653938737606234;1.8036188999441551;-26.95756709277206;0.5441635708063162;9.077105613184823;0.2546269881168842
51;56;1;0.9554213280402026;1.8175715892534086;-29.614565018999556;0.5940468166569194;7.7801251985355675;0.2780961085728579
51;59;2;0.9700919956353893;1.900753360947156;-25.71193548818369;1.0410843763718909;10.892092347958457;0.2735154992294758
51;60;2;0.9687412645321045;1.9924512089811066;-27.816275352124563;1.2480290032561894;8.998885750252239;0.30091878618058476
51;61;4;0.9579687611314743;2.405232821415294;-28.4611878810053;1.1715255625594714;10.554199197480562;0.2763697929208419
51;62;4;0.9619843126735513;2.380346985860038;-27.793808675829954;1.2648588128080063;9.657674917793418;0.2893628830382504
51;63;8;0.9648771398243999;2.522444353934161;-29.971726513786695;1.2138600492456022;8.131430782317324;0.27512405663978845
51;64;6;0.964221243127859;2.5087492258260085;-29.59492058222214;1.3542165379046036;8.304344676398633;0.29018909750071925
51;65;3;0.9618174456382546;2.430321288306807;-27.82792758587641;1.3685785966359356;8.683864103798806;0.3135796949402485
51;66;5;0.9651727841190221;2.553872329645149;-25.97086327900583;1.490508978049623;9.986839206382992;0.33276742398292847
51;67;6;0.9652587662006984;2.5553815846803736;-25.720043931014263;1.6604727104426615;10.708256593743391;0.3092275153130937
51;68;3;0.9679363648428029;2.4828677731252533;-24.77566352433408;1.681124532049047;10.975686182637526;0.34171406676946287
51;69;2;0.9688930386390437;2.258205354641759;-22.437390937925564;1.7156011490488472;10.720065375498281;0.3592509122629143
51;70;3;0.9656475893578182;2.452211085221839;-22.449742613821332;1.637350646367388;10.769007871992486;0.40054559905660975
51;71;3;0.9584156673173618;2.339974462419705;-22.45827664399963;1.5615642488615593;10.883216734360124;0.3880487950758596
51;72;1;0.9698757805208639;2.4234472956320943;-20.877071892691383;2.0562844226850014;12.438884854375923;0.3579719534061684
51;73;2;0.9661999558694216;2.556430702463622;-21.484245260417318;1.9035276273646324;11.253247113494659;0.4063183812862978
51;74;2;0.9679532682408327;2.5604601663296185;-21.23689617639078;2.030857297111733;12.591682684319489;0.40274738918275244
51;75;2;0.965646150949135;2.5457551884229885;-20.423467527286043;2.2149711355576347;13.125683064740475;0.4210364145428756
51;76;5;0.9649595399349062;2.8210198734105307;-19.25772052757322;2.111058899281039;13.20684824756498;0.42777863071904687
51;77;1;0.9696084423411072;2.793575045523466;-19.563830271162672;2.830224030027498;12.766217070542798;0.4097750569288015
51;78;4;0.9606442304551348;2.764762476022725;-18.800847592761023;2.116891466180413;12.857112495909439;0.42978042656736243
51;79;2;0.9659413818747877;2.8031142723499936;-18.398494476118216;2.5035684029948557;13.627506796412266;0.42392558499137084
51;80;2;0.9689201072994386;2.798996902133496;-16.74978292525948;2.6904517097823355;14.801417024102385;0.4282349154696042
51;81;6;0.9656223466712023;2.9897012734701645;-15.742818632342633;2.4676183478444993;14.046729325099937;0.44592230072121847
51;82;4;0.963963182807985;3.031272747133862;-14.849229667705572;1.9928040269679326;13.491200405366866;0.45860405182938907
51;83;10;0.962512981944184;3.094415040249598;-14.262866748729824;2.0934314418414175;13.180680608233724;0.4641789051553615
51;84;7;0.9607259533725813;3.060223381160925;-14.098128519704094;1.8287191402512353;9.458618255842854;0.4726933596070513
51;85;13;0.9632555478810452;3.078061190474899;-12.44283652448391;1.6983734782424509;7.970934844151845;0.4777040723125344
52;55;1;0.9697652045290468;1.629986095576853;-30.25573713195459;0.762850497762779;5.395176530445583;0.4358500005918522
52;57;7;0.968052774751941;1.8546828563726812;-30.31822417093039;0.8078705637660702;3.9744802279855342;0.40437194617426414
52;58;4;0.9651956220495116;1.8761955403353905;-30.59677482877964;0.7997872598046737;5.7056427755287515;0.3652179557267709
52;60;2;0.9610599149107519;2.200223727108756;-32.16632677382543;0.7974462534241172;5.30242605987875;0.3157185436961373
52;61;8;0.9645640082892561;2.198919211980868;-31.7147357509562;0.942450924715242;6.046185650164361;0.34035326498407054
52;62;1;0.9732451969168459;2.1920331484933033;-32.75672374389131;1.2236320853428844;4.78199429735728;0.3600801203681229
52;63;6;0.959665575158879;2.4398609663004804;-31.36018388189579;1.0913044652290789;6.674422376351892;0.3241804380415397
52;64;8;0.9667671813510362;2.4200211330403785;-29.785497734164903;1.3519207912511266;7.314732730496757;0.31741979855512525
52;65;10;0.9681655988880692;2.3887923785558627;-30.56970012238414;1.2632532368579512;6.55023071528974;0.3338234508213379
52;66;10;0.9685208313902768;2.5338112372493318;-32.69658878567232;1.221419586335229;4.9747462525455575;0.31533424505559154
52;67;8;0.9680371751322842;2.4530435923610296;-32.0069811891406;1.2968018862320108;4.852995050183704;0.3211552276746008
52;68;5;0.9651587575307804;2.394699595752122;-28.886084584901027;1.2296265761472138;6.1779032717056435;0.3534180611838017
52;69;6;0.9651498885106987;2.322493642899573;-26.56507310590531;1.3021044379580282;7.768680510405645;0.4017401012794653
52;70;1;0.9717051774059716;2.2778651028778554;-25.924119424213146;1.4191153259432423;7.840847174238712;0.4252218896735866
52;71;3;0.9542586545269126;2.3835573610052876;-24.14965722295824;1.494730300178098;9.048802762544627;0.4040423732346148
52;72;2;0.9714635878126913;2.4541330912417383;-22.821326454769416;1.816982260097451;7.752277662962417;0.37865046466843055
52;73;6;0.9678502824144619;2.4039209712472074;-23.458346425681924;1.9194526347558396;9.589390904394852;0.398644828978121
52;74;3;0.9660281521293888;2.5234867475792684;-22.661518698707187;1.9184029064727026;10.784780489592515;0.46145027958196366
52;75;2;0.9588354325020666;2.366223050729194;-21.067476016781654;1.9315956188920749;11.725394032095545;0.4335022793641156
52;76;2;0.9528037128146234;2.639321688591987;-21.21463430025338;1.7527962727888653;14.461625985579108;0.47532406598733656
52;77;2;0.9680644663072863;2.4073639496974666;-20.58605554548108;2.166892260972587;11.138823151102276;0.42093015915838605
52;78;2;0.9695706078570674;2.4625169510751848;-22.029358228628784;2.590901161115335;12.344541102825202;0.4288932058020079
52;79;4;0.9665891639932169;2.6027400466009145;-21.079584007411267;2.2961205209920474;13.322155486526787;0.43958568904550743
52;80;2;0.9669606370867803;2.445827562496034;-21.21139804233156;2.4420060802785155;13.597032954470391;0.43738711626338106
52;81;5;0.9678883505665908;2.492631557514185;-20.54164616785883;2.323457986733616;12.956999714662832;0.4750560427966624
52;82;9;0.9679913848031008;2.6762728821781367;-18.180927976671814;2.2534897943601875;13.577621807414479;0.4630941001894351
52;83;12;0.9641157508929378;2.7827283126013724;-16.59504035577964;2.161283977197012;11.942688993218121;0.48163604344516764
52;84;13;0.9652206868636585;2.8180032943034394;-16.425584453021163;2.235086482090025;10.494813536832428;0.4867655517159756
52;85;20;0.9653638412842213;2.719470002985312;-16.669423736176878;2.088208645175437;9.413679364904548;0.49086573481962087
52;86;9;0.9697869849912715;2.6726638929852267;-16.090173653170652;2.115398100083739;7.82108691115819;0.5013279855745219
52;87;2;0.9610562422301565;2.653876729961196;-15.939107845783813;2.0197206030966277;7.928526461348293;0.5001249080175388
53;54;1;0.9721576847077733;1.5635267753106767;-28.02504114534993;0.5520625539826451;5.7750785979876476;0.4184576690044772
53;55;2;0.971730863499972;1.7029279306081015;-28.47843723597343;0.7230214212212634;3.260945546721605;0.443636055029055
53;57;2;0.9743903069516969;1.6991894974071577;-31.23079688052288;0.7514326121874735;3.221679472525074;0.416717242453262
53;58;1;0.9728229882910626;1.7156548199259605;-31.291969347231316;0.9805274513725065;3.2113067877656425;0.41504743511052883
53;59;1;0.9681317429593516;1.9539588901751481;-31.677355755759805;0.5346340935693373;3.747853987734085;0.40425691767764665
53;64;1;0.9679718375953716;2.346821789896356;-34.93566714604083;1.1170872599938666;5.3656169114197265;0.31532200777271996
53;87;1;0.9696845889554834;2.629010025037428;-16.59439874116213;2.3197360741157165;8.182996860043982;0.49719678211789325
54;56;3;0.9779306338067707;1.5443520591524607;-30.016579809655557;0.7328363471318635;4.699656703700374;0.3504473630663014
54;57;3;0.9773749664493235;1.6548970087157715;-30.422848910580413;0.8588652079507195;6.915358869392754;0.33259497595101645
54;59;1;0.974488191682925;1.9024200231245383;-32.389804824156926;0.8329889085799277;4.724113557993244;0.3003197692531374
54;60;3;0.9762124442348213;1.884732791063896;-32.46966970862126;0.9017485496440498;7.084072057799946;0.2492169295968194
54;61;1;0.9738362751763459;1.9544316683105032;-33.27826856065103;0.899527179701777;6.930497940171765;0.2560701568655694
54;62;1;0.9731437810163998;1.9548327353042678;-32.705394969177505;1.0221417430618678;6.564458384266496;0.3017406421553167
54;63;2;0.9763258146518247;2.030477021944225;-29.45250829863487;1.2615799862117336;6.558103755802245;0.3072633126543558
54;64;1;0.9758856996664012;1.969328999483184;-30.681517517047034;1.2644506170903784;7.606384570667474;0.3281111028853258
54;65;2;0.9771046176034611;2.034887060352725;-24.1910855614879;1.4965033818570013;8.510114996070985;0.33044197804193065
54;66;4;0.9699875459388418;2.2582410813131695;-28.337249096969074;1.3289102449702512;7.144399171797108;0.32747681440636767
54;67;4;0.9757523426884758;2.445780845118679;-25.014086989889197;1.6000964619244162;8.632723080559998;0.32444374142002297
54;68;16;0.9744752313096925;2.503236159307475;-23.567680187207642;1.6316598777695908;7.013008287974037;0.33775229929991973
54;69;12;0.9748306583372921;2.473846304499921;-22.800589005350165;1.635694377659912;7.702143613873813;0.3495909188852206
54;70;8;0.9762892002169576;2.568394320927804;-21.595678591082212;1.7427981428808195;8.345677550324286;0.3509832043788667
54;71;4;0.9745634484665391;2.4853489135047835;-20.46724360611722;1.9572380472192275;9.932494659056294;0.37108188006510373
54;72;2;0.9768672380704604;2.578741116195445;-19.09621160329881;2.2626528335545943;9.454362002444906;0.362653613627868
54;73;2;0.9771918249208292;2.4794033712781727;-18.6246253914584;2.6631305416351463;11.7894685813018;0.4019202468115418
54;75;5;0.9712128599828;2.4244880511264855;-17.72231138866434;2.676552451782379;13.120694173867074;0.4368217804065955
54;76;4;0.9741761419131503;2.5030585953151205;-17.489192530780915;2.8654698875621185;13.282909373984813;0.44281363275302366
54;77;2;0.9774722403767155;2.5038515141225686;-17.539987922012624;2.833572987979035;13.177873293629856;0.4175167755356053
54;78;4;0.9771484222905764;2.542950182454695;-16.401639996492097;3.4037666844030037;13.06195387034268;0.43998389570117985
54;79;3;0.9763243323029066;2.5624515866756608;-15.655560568756961;3.260973391412042;12.669316900050205;0.4538900590072131
54;80;9;0.9770798265046606;2.5109877308146022;-16.02141318738891;3.0954223243669605;12.61613197786214;0.4520668853733232
54;81;4;0.9752239387607708;2.4544046621211897;-15.717866018922543;2.7152169645906437;11.223897730611176;0.4643334192384659
54;82;3;0.9779484797675422;2.5369053940560904;-16.25173962332639;2.945679525322063;11.772791209981287;0.4562528302974616
54;83;1;0.9752025594443247;2.585431024089828;-16.452436552624484;3.0871991842706863;12.009975126641132;0.46478389527954767
54;84;3;0.9757930541597705;2.619278873510003;-16.367293397238104;2.7505249861402636;12.316381442720326;0.46067448721896415
54;85;7;0.9773433680457657;2.557626769685842;-15.467696479391119;2.614804640207088;12.96948235881445;0.47060596483558
54;86;9;0.9740119750200567;2.6692756769227026;-13.926897337779218;2.4934919939682776;11.557732499411422;0.5025192356578997
54;87;9;0.971664465811303;2.7520426566791545;-13.604986670183386;2.6489069600900423;11.134232778431999;0.508103959923337
54;88;7;0.9727995091736293;2.7667244654108814;-13.994577692681291;2.29601998530687;10.914895477473427;0.5058269500829858
55;57;2;0.9774357845376156;1.6380764562541723;-30.25380348358616;0.8000319676932537;6.972893592278041;0.3397532059103595
55;59;2;0.9781476174601109;1.8164367246027755;-32.52549025548623;0.6990581980229378;8.283730685716183;0.26671015137335696
55;61;2;0.9783927109747852;1.9910831657024686;-33.65125426375309;0.8106761978561935;5.971015810126015;0.291783022800292
55;68;2;0.9744489166246423;2.119198644488713;-26.495441209639395;1.4753808912525246;5.598887704639342;0.37161657124703057
55;69;1;0.9682908891942178;2.0089335276430424;-23.188751299737348;1.3022417999814806;7.098818535553682;0.38980691126683037
55;70;1;0.9760703228878302;2.035626489789007;-22.43720310199548;1.6018671725478122;8.828015889125062;0.39354804827281176
55;82;1;0.9690170423556764;2.650064116085226;-15.24208743000191;2.1145247156114495;12.305166440560463;0.5197108821701781
55;84;1;0.9503435351528722;2.715040761207216;-13.627324359038106;1.8244503828258392;12.389098410642006;0.516505845178376
55;87;1;0.9761839078888951;2.6618076870495733;-14.93334966313698;2.282278584590622;10.981765166167913;0.5065945986367899
56;61;2;0.9618595352233429;1.6765590214672854;-30.134831848118065;0.5911580615399401;7.011461058874341;0.3357890642447433
56;64;3;0.9787240399743915;2.0895285783942814;-35.27567934971836;0.9971578081553566;5.844355926995893;0.302027290906941
56;65;2;0.9813797354319576;2.162243192456331;-35.64699183843212;0.9202685794763301;7.146669889647919;0.31151331013297584
56;66;6;0.9755632853355677;2.114401369645661;-34.75294875202585;1.0182648610440295;6.71583909283743;0.3175586172865998
56;67;1;0.9823111260576652;2.2241381904108595;-35.01401342351832;1.1351075157579393;5.216738094253014;0.2788265428449495
56;68;2;0.9752937204981846;1.9828700573016231;-32.500075243763035;1.1538327333346823;4.100598321686152;0.36439227020337495
56;69;8;0.9797569528244259;2.027715559064536;-28.402860192276936;1.3639442487489262;4.825433216471457;0.3671748736258323
56;70;3;0.9801116808199657;1.9201761890150444;-27.970880354463805;1.3013732041098283;4.046578108244909;0.378634756151037
56;71;6;0.9816054459495317;2.046302322629135;-26.830808407282365;1.4086455629210282;4.751504087358334;0.37685304716019424
56;72;5;0.9804530745462982;1.9608750259622643;-27.593848048258785;1.4202248245404872;4.9981483457275875;0.3890232776661474
56;73;6;0.9808669232240286;1.9387850735222905;-28.219250319436554;1.6361746771004064;5.024201743396572;0.3975955542304496
56;74;4;0.975211351341098;2.053906292597625;-22.362053485089696;1.47392211635005;5.966985482972377;0.4214391818791201
56;75;2;0.9750385905181906;2.004517127792626;-21.96489968535985;1.4751067309243022;6.28193627353637;0.43810113056868727
56;76;4;0.9807450822088974;2.0259659396522225;-21.689906340341114;1.8557613798990051;6.02099722856282;0.4373241647914303
56;77;4;0.9818423781508477;2.082090382172034;-20.546178861700085;2.134636879332408;7.549302480325156;0.4456757673661324
56;78;4;0.9770273194604675;2.2544390778898387;-18.970926687240762;1.9720157621920817;7.6082524453250375;0.44719531752342956
56;79;5;0.9811331034456764;2.268558547678572;-16.57437273717202;2.5840441904347253;9.695110509230645;0.46684064164293887
56;80;5;0.9776339390100859;2.238072090475266;-16.198018851065434;2.421239378918165;10.715126231575553;0.4630394594529199
56;81;5;0.9817356222181504;2.195345223777543;-16.670999690503283;2.637948276818171;11.349306627180333;0.4677747028689316
56;82;5;0.9806391099166136;2.2383615114965965;-16.17819971817179;2.7447293172185354;11.305740649748854;0.4761564155891255
56;83;9;0.9802861068471288;2.2536907932315864;-15.786222187106084;2.825845672411487;11.556006244356933;0.47844498503908245
56;84;4;0.9814508076984969;2.330160547951327;-14.046467853976814;2.7200623712936993;10.59410462376967;0.5075444305286801
56;85;11;0.9796707736680491;2.182804563672919;-15.02205134385148;2.5587830683728776;9.835113342499216;0.5027130763086833
56;86;6;0.9810897741865104;2.395042739310163;-13.462360010734963;3.1596161768916247;11.272927218339612;0.53349447529951
56;87;9;0.977447868865199;2.4979250312981924;-11.897378653898947;3.3181032475694554;11.079962608759375;0.5477238288062181
56;88;14;0.9787890368164195;2.5145728402888996;-12.186276241222117;3.3256837277640137;10.073599221269122;0.5607089114248737
56;89;3;0.9740093480510931;2.4566008171586895;-13.748410545472714;2.9356842146597963;10.138221076024458;0.561736153551729
57;60;2;0.9824941310060471;1.7141014661994003;-30.78895509420879;1.0296521984150653;6.277857642634812;0.3800486394753778
57;61;2;0.9762462558818711;1.652251048712476;-31.149248435122033;1.0947541768910223;5.465946492539797;0.37642201799209174
57;62;1;0.9821780110501122;1.7176805352614384;-34.16645881396842;0.783722471387483;6.637937597645541;0.3170664968570768
57;63;3;0.9784695835113318;1.9592740446778187;-35.303270756716465;0.9504418527772339;8.372080809481526;0.28292361746511835
57;64;3;0.9844432952748606;2.0153511920254124;-35.56006077708949;0.8016458122589433;7.426836407517875;0.29699188219673484
57;65;1;0.9816548088445459;2.169618566828178;-36.23089708502235;1.0304532902078207;5.12432600047705;0.30831530980866845
57;66;1;0.9843841297326452;1.9432623163917657;-36.85260228997655;1.0625136231943753;4.326419235135602;0.3475667529809393
57;67;1;0.9845612769671674;1.957076457203823;-36.02185053560402;1.2134409597057654;3.289923567735538;0.3676526753933481
57;68;1;0.9833167820535401;2.040372191241686;-32.15322939919615;1.1868465665278631;5.6447219550988805;0.30008592580692306
57;69;1;0.9827884703832611;2.03060182779564;-29.99944821849042;1.4155330258370011;6.031665390828903;0.36602975992971165
57;70;1;0.982285526800398;1.837203326120149;-34.467096634144234;1.275407282638792;3.143115671460736;0.3798943599551783
57;71;2;0.9818232069511588;2.127670920602064;-31.385742553936716;1.5743516782841895;4.657081957438935;0.32701348156008486
57;72;1;0.9824922374786238;1.8498705609994852;-32.3753728299037;1.458261331778381;4.109588693481455;0.38972456186692916
57;73;1;0.9822751103149946;1.7525406301814928;-33.481663770120385;1.7148683183284537;4.488702296727617;0.39077454573164877
57;77;1;0.9430238193228687;2.0129750281737824;-23.500066156171606;1.3249658646518103;8.530597565743854;0.4433961171452419
57;78;1;0.9741000680571529;2.0334537074694405;-23.084188659126873;1.6650285444827357;4.8587460637217506;0.41164732379331026
57;79;1;0.9812762970743821;2.001891751529085;-20.048576893479066;2.411535545779037;4.746556618316802;0.3979299275900696
57;88;1;0.9798567523173024;2.4170309821894187;-12.660544375840935;3.1767518189173285;10.668849851841252;0.5573219206053188
58;56;1;0.9856593886780205;1.7631299529066407;-30.747599031610036;0.6775944250988719;7.706671306659544;0.31760765864971147
58;59;1;0.9854012086534255;1.6631537664750038;-31.959792472429882;0.7687685112351732;7.102373682693846;0.2974936817650374
58;60;1;0.9643989122420539;1.668084186925253;-32.630101280457524;0.8761473533036379;6.861886857726621;0.40044488732601957
58;61;1;0.9864817701902774;1.5886437882265136;-33.43237730266259;0.6891815093909701;10.381703090713483;0.3113271760765318
58;62;1;0.9847631394792324;1.559987625131074;-32.98360856407744;1.0680402907403872;5.374722518328308;0.2990035659399587
58;63;2;0.9745857428308505;1.5684725655346563;-34.66467908761392;0.8456369018935346;6.253460887534921;0.3339595878489794
58;66;1;0.9771669103502763;1.996042573480427;-32.794726333429324;0.9281692449479853;5.1100785777812225;0.4017392649951041
58;67;1;0.9844839374811423;1.9440382807073928;-34.740253705253295;0.9893544751932579;6.2002837713273085;0.3422757849419961
58;68;8;0.9837210636246667;2.0293115188367636;-33.21258193274956;1.1183479765539432;6.252741341949428;0.34078943362932645
58;69;4;0.9825439768469879;2.046243475135763;-31.032342189660064;1.2633683269969291;6.657859798986026;0.3339278296600612
58;70;1;0.9577962908243695;1.8605187289720295;-33.8320830587156;1.0886690643785009;4.191951681017029;0.39259466949197175
58;71;4;0.9837146952548395;2.138080101654454;-29.546513912894092;1.6928964276371272;5.2312682960998345;0.3153288609168421
58;72;3;0.9858923115645032;2.1082959573799602;-31.76225936252325;1.5319807894414257;4.427628763249831;0.33564074603963473
58;73;4;0.9804358905533294;2.0779792640136665;-30.626903413269225;1.5569840146384473;4.354426489004423;0.3540948962157613
58;74;2;0.9863302939148595;2.1198453307220957;-27.631517282079756;1.842635498685992;4.122542609319536;0.3507484834545683
58;76;2;0.9835021606453244;2.1407004921557125;-26.258082162469837;1.8066148094378263;4.987338295927678;0.3931221849463502
58;77;3;0.9844451068654195;2.0960739885550437;-23.146443944274665;1.9103381201130336;4.508599274813513;0.3818803232956909
58;78;2;0.9863298658006954;2.2389339071109324;-22.826587184949226;1.8325978415241675;4.628643703511653;0.3742495819783845
58;79;4;0.9821536465172465;2.223523101462309;-24.065770375296186;2.0581900562895408;5.171295432938584;0.38833852627053284
58;80;2;0.9862078572461974;2.177568471496132;-24.214152290746384;1.9232950458700167;5.314856523991027;0.40730513638871674
58;81;4;0.9858871739183117;2.2385241626000125;-22.329407094984553;2.3439550542727803;6.317412362103584;0.39908194745768416
58;82;2;0.9859243306449677;2.225849830226233;-21.95519167890442;2.84641878951418;6.731359893181575;0.4142443560078811
58;83;6;0.985504418672901;2.036959595987064;-22.05099392890126;2.540979644976179;7.104418423527988;0.41816421824371663
58;84;9;0.9847792113762712;2.2691992314883516;-21.92626962154997;2.498328597123784;7.0418815638793255;0.4295967880816647
58;85;3;0.9832758464502445;2.2595727124719476;-20.89028876975137;2.399635730733749;8.605713892375121;0.44576688677790516
58;86;4;0.9831065149776439;2.3106388671653497;-18.85119729714775;2.6733346762015677;8.478126276278882;0.4547998701690132
58;87;10;0.9840493570725778;2.393492790414262;-17.030083342443476;2.753195272863295;8.871084996948293;0.45440557262741227
58;88;8;0.9843931886340873;2.1975259949283465;-16.842021132848178;3.044289293117556;8.805727205929452;0.46413156564514635
58;89;7;0.983745358942912;2.1484337149174793;-18.041817414645504;2.9361477226890664;9.30383948560659;0.47650474828792533
58;90;2;0.9857312013045174;2.2110272704357077;-18.09851461355459;2.954310108522355;9.848447039570974;0.4884204560206586
58;91;5;0.9852415484393212;2.264428561158943;-17.817776200688236;3.573127685456491;10.69683023168758;0.49412051087400854
58;92;10;0.9849871238531402;2.2757211137417914;-16.825855422451948;3.756577229890629;10.885981730752375;0.4886675091248674
58;93;9;0.9849160261536033;2.303592556888668;-17.00720068332108;3.6630102336699784;10.987846922751716;0.49187273954409844
58;94;10;0.9856434980290235;2.3431360196518725;-16.518407544623432;4.021986386126901;10.786886927465238;0.5029737611929652
59;58;1;0.986566692608842;1.7511947637872982;-30.678191439941386;0.6114954323681138;7.647094643356331;0.3132145742601154
59;59;2;0.9870239865627326;1.6211881838758089;-32.781352520679484;0.6454964235908693;8.220710782165021;0.32239849741707327
59;62;1;0.9860975976312413;1.592040730988439;-35.57182985370429;0.8073399033659474;6.873388184574916;0.2733097764671252
59;65;2;0.9805818245472246;1.8414926233426496;-33.385303598263086;1.195885949306504;4.849240360358839;0.29438203224017556
59;66;1;0.9839061775636951;1.7514764137971472;-33.00457896215281;1.0694213815570934;4.5273208707793415;0.28797060826282034
59;69;1;0.9783622005788142;2.136450697466522;-36.28749556529411;1.1378823465193162;6.729597675046594;0.29752323739613906
59;71;5;0.9875163852362236;2.057253364227166;-34.03810611963693;1.4013170909867443;4.959363881715808;0.3138770548523193
59;72;7;0.9873743119149776;2.0456144481100518;-32.035546803721275;1.5523819683109294;4.1170054489360135;0.347246013977486
59;73;11;0.984471713399416;2.043408578973999;-31.53548584842166;1.6020149746281753;3.955892449530612;0.3676677818550123
59;74;7;0.9843879000998802;2.071393811238459;-30.096510191769116;1.5713533625717382;3.9383957244991197;0.3786935231193697
59;75;5;0.9852398621034476;2.0978297582472525;-30.223388103748885;1.565296124725727;3.5996491950813536;0.3787410181544574
59;76;2;0.9867663334835672;2.2530032049045183;-28.616248550445576;1.8104885682553873;3.845427481646101;0.37363818731255005
59;77;5;0.9852110395121942;2.19149680828309;-27.947204375249576;1.6529464095367128;3.9693637239867265;0.39578604790342276
59;78;3;0.9879670296576154;2.296144350033873;-24.728111662854804;1.962974353282083;3.834385605679072;0.3946158335524707
59;79;2;0.9878760245497284;2.283781585318006;-23.4789321101409;2.139315941328067;3.9251374369892433;0.4013141839862635
59;80;2;0.9868041536896491;2.343516900863492;-23.071101216166475;2.194466554691309;4.384221395964398;0.40957127208301836
59;81;1;0.9875693859949324;2.4842579178902455;-18.05470595640856;2.7651457590814625;5.840808408118195;0.41780031232703047
59;82;5;0.9871081166000193;2.550528131272393;-17.11622395380269;2.3386184455078527;6.35517770337584;0.4182985238443401
59;83;7;0.984449625498609;2.420793392976374;-19.152299934378853;2.383345890751911;6.710691500490673;0.4297238004015692
59;84;6;0.9833329926049651;2.4482483802122865;-18.830905745526135;2.340950510311091;7.0135650692594425;0.42982124058565035
59;85;2;0.9838244106972345;2.2917555105757916;-18.551888920319698;2.6817883962784794;7.867981868689505;0.4521073486334932
59;86;2;0.9856717944135773;2.32075977795596;-18.038118007078438;2.7601313821254863;8.431949663600982;0.4572551371679846
59;87;3;0.9857428168113992;2.5675583914093534;-17.476564572560857;2.854808829222197;8.691568877166029;0.45935576683804213
59;88;1;0.9823098085887682;2.550130611622209;-17.417150432829786;2.6215188284192354;8.708217546266283;0.4634205031086965
59;89;2;0.9836311661778334;2.4768638937540355;-17.32316079408678;3.104419032921256;8.783518196603868;0.4697159093854598
59;90;4;0.9867373879582972;2.5782247957599207;-16.771716919612196;3.2568323322764945;9.087386439176283;0.4719422387356665
59;91;5;0.9869511129260637;2.594042647925979;-15.987738022498846;3.5952511799836073;9.4727639627317;0.48444390111797614
59;92;13;0.9864194360808063;2.517017672643125;-16.409517314644578;3.5990509846570435;9.70089498426328;0.5010908681994258
59;93;7;0.9864265264738329;2.5193525344200802;-16.34490186978395;3.7982718340092716;9.799012989298856;0.5086403641940569
59;94;3;0.9861842951814149;2.5522109556388215;-16.163828966983093;3.6871029840381087;10.518389740546445;0.5056183176390007
60;64;1;0.970857544675154;1.7248736995874485;-33.947208663938305;0.9450559538420873;6.7389376580051366;0.3946678477473706
60;65;1;0.9855489927092617;1.9911540500720568;-32.18072118084746;1.2165454512747684;5.388301284021623;0.3012258150950499
60;66;2;0.9880707136087559;1.9676383376285997;-31.97736562203567;1.2101635030458393;6.051203535178518;0.3371071605522115
60;67;1;0.9879964942657127;1.949197100525309;-33.320653657353844;1.1404741904812046;4.748084820143518;0.30283128107769375
60;70;2;0.9869847664927214;1.8986845517433557;-34.175562972488336;1.1313517565239288;4.890867304531854;0.4092408325341572
60;81;1;0.9883816149706545;2.334047756424503;-23.57198014174127;2.0170686850512998;5.451709704379607;0.41821212333166075
61;66;2;0.9705411179612331;1.8192740410309858;-32.8430399129839;1.0942118016912068;4.8521040715365515;0.3527057181781361
62;62;1;0.9900248958289188;1.5184109016809861;-31.625608370900977;1.1715408438142347;3.828519618375021;0.39174368698134776