MIDI,dB,Total,Clarity,Crest,SpecBal,CPP,Entropy,dEGGmax,Qcontact,Icontact,HRFegg,maxCluster,Cluster 1,Cluster 2,Cluster 3,Cluster 4,Cluster 5,maxCPhon,cPhon 1,cPhon 2,cPhon 3,cPhon 4,cPhon 5,cPhon 6
47,47,5,0.975187857,1.532366027,-20.47104159,5.365267578,4.30346,4.023163445,0.388983538,0.14137,-12.40882,5,0,0,0,0,1,6,0,0,0,0,0,1
47,49,5,0.977388632,1.508831977,-22.73783024,4.365915431,9.6018,3.586997299,0.402682043,0.15655,-34.79023,5,0,0,0,0,4,6,0,0,0,0,0,4
47,51,6,0.981454497,1.687103643,-23.99351527,7.51698831,4.28644,2.762905905,0.391605348,0.05511,-20.11445,5,0,0,0,0,1,6,0,0,0,0,0,1
47,52,7,0.981986822,1.726748224,-26.32979141,9.434131971,2.80882,3.824739156,0.437469329,0.07701,-4.84524,3,0,0,1,0,1,3,0,0,1,0,1,0
47,53,5,0.978443004,1.63530129,-26.67401139,7.318608826,3.608,3.622001817,0.402253042,0.04443,-22.09489,5,0,0,0,0,4,6,0,0,0,0,0,4
47,58,23,0.979528168,2.054741421,-29.23742178,11.4663773,1.67383,8.980269228,0.324697474,0.09178,-5.50386,3,0,0,1,0,1,3,0,0,1,0,1,0
47,59,30,0.984344617,1.9834434,-29.87569694,13.53153439,5.81231,6.687565807,0.318757025,0.35931,-19.6863,5,0,0,0,0,1,6,0,0,0,0,0,1
47,60,17,0.982443946,2.114617693,-29.67774192,13.27858179,4.06932,8.153297207,0.322083579,0.06767,-29.69677,5,0,0,0,0,6,6,0,0,0,0,0,6
47,61,6,0.969493834,2.208282026,-29.61371849,16.48194353,8.35389,8.562793234,0.298904376,0.03663,-34.82013,5,0,0,0,0,1,6,0,0,0,0,0,1
47,62,11,0.975705958,2.07072484,-29.22724742,15.50247815,1.54415,9.419268561,0.372101642,0.09608,-5.75307,5,0,0,0,0,1,3,0,0,1,0,0,0
47,63,35,0.984689292,2.190129407,-28.10572173,15.23112949,5.95982,9.327612762,0.315489637,0.09732,-24.77486,5,0,0,0,0,12,6,0,0,0,0,0,12
47,64,5,0.983458649,2.284201289,-27.34962613,16.75956625,1.65968,10.0509689,0.330484395,0.04777,-15.6377,5,0,0,0,0,4,6,0,0,0,0,0,4
47,65,6,0.981268948,2.423998552,-27.59731349,15.85349034,6.6335,10.03106638,0.336853118,0.05536,-31.10886,5,0,0,0,0,4,6,0,0,0,0,0,4
47,66,6,0.968239842,2.326902165,-26.67935669,14.79626303,6.22886,7.860127103,0.393254828,0.02952,-38.27382,5,0,0,0,0,6,6,0,0,0,0,0,6
47,67,6,0.978458521,2.533503723,-27.57440557,17.37358606,5.91606,8.88398185,0.397798616,0.0941,-30.96569,5,0,0,0,0,8,6,0,0,0,0,0,8
47,69,12,0.983167258,2.564939485,-24.81330939,17.26432309,3.50491,9.55122617,0.39548929,0.13228,-32.95603,5,0,0,0,0,5,6,0,0,0,0,0,5
47,71,12,0.967938989,2.736500465,-25.60576355,16.47550494,6.29543,10.29656134,0.395130298,0.05135,-27.08399,5,0,0,0,0,26,6,0,0,0,0,0,26
47,79,12,0.972128182,2.960969173,-13.53980899,17.75381988,6.42113,9.917049992,0.471403711,0.07386,-10.70961,3,0,0,4,0,2,6,0,0,0,0,0,6
48,53,21,0.982981118,1.64779264,-26.47337179,7.343299318,7.17956,3.674735962,0.425867145,0.074,-29.89161,5,0,0,0,0,8,6,0,0,0,0,0,8
48,54,6,0.984290427,1.90189457,-26.63029001,7.578057768,6.80574,4.345638615,0.356641929,0.02771,-32.54888,5,0,0,0,0,1,6,0,0,0,0,0,1
48,55,6,0.984962479,1.968352966,-28.17354588,8.569007648,9.19738,6.671671071,0.297938475,0.03613,-42.78599,5,0,0,0,0,2,6,0,0,0,0,0,2
48,56,6,0.984308057,2.049420109,-29.39079556,8.210754496,0.48295,5.149416612,0.266951951,0.0954,-5.36209,3,0,0,1,0,1,3,0,0,2,0,0,0
48,58,130,0.982408734,1.943828345,-29.49290288,12.0672294,5.2104,6.10874453,0.280968108,0.0502,-25.47402,5,0,0,0,0,15,6,0,0,0,0,0,15
48,59,41,0.983893776,2.079017297,-29.77733049,13.17835869,7.14804,6.789792828,0.303660271,0.19762,-26.45233,5,0,0,0,0,2,6,0,0,0,0,0,2
48,60,69,0.981841737,1.991121886,-30.09044463,13.32694237,4.16572,5.400549614,0.295444439,0.05509,-18.75954,5,0,0,4,0,5,6,0,0,0,0,0,9
48,61,28,0.977721927,1.97341909,-29.40759231,13.79676324,6.28207,6.126378133,0.297286967,0.04259,-26.95036,5,0,0,0,0,15,6,0,0,0,0,0,15
48,62,6,0.972834299,2.193602603,-28.9912558,16.89224893,8.31446,8.262685446,0.294455918,0.03324,-41.15609,5,0,0,0,0,8,6,0,0,0,0,0,8
48,63,18,0.980097051,2.166465945,-27.47789768,15.47744119,7.19683,8.333934555,0.330747202,0.02661,-40.72445,5,0,0,0,0,8,6,0,0,0,0,0,8
48,64,35,0.984367982,2.075934279,-26.9982221,16.24668796,5.52533,7.745554937,0.353084588,0.07812,-36.8254,5,0,0,0,0,5,6,0,0,0,0,0,5
48,65,6,0.98331395,2.380902544,-25.82462471,16.66258434,1.24537,8.0582874,0.37973635,0.11315,-5.72623,3,0,0,1,0,1,3,0,0,2,0,0,0
48,66,6,0.975206622,2.298023704,-25.8172184,16.01829371,1.55442,10.05568894,0.33522814,0.08657,-7.75812,5,0,0,0,0,5,3,0,0,4,0,0,1
48,69,6,0.977348736,2.684270282,-23.20217669,17.69968648,6.30698,10.32244469,0.344163194,0.08425,-32.38181,5,0,0,2,2,35,6,0,0,0,0,2,37
48,70,28,0.970152274,2.638761888,-24.59039641,15.60520324,5.62825,9.390952956,0.385203553,0.12011,-24.33744,5,0,0,0,0,3,6,0,0,0,0,0,3
48,71,11,0.972605786,2.764194392,-23.34433027,17.799789,6.12667,10.03397104,0.394073963,0.06633,-21.66052,5,0,0,2,0,11,6,0,0,0,0,0,13
48,72,12,0.965072325,2.817644182,-22.11672389,15.64919442,5.48819,12.1378014,0.415128402,0.01065,-25.96265,5,0,0,0,0,17,6,0,0,0,0,0,17
48,73,6,0.975742599,2.853033976,-22.0352773,17.93765616,3.99399,11.78143092,0.407449189,0.02716,-42.46001,5,0,0,0,0,5,6,0,0,0,0,0,5
48,74,6,0.966578885,2.825639694,-20.74352324,17.4798212,8.24159,12.42544126,0.421339755,0.06643,-38.21487,5,0,0,0,0,23,6,0,0,0,0,0,23
48,75,5,0.982220934,2.859169843,-20.08734596,18.96502938,6.20458,13.17189905,0.423701232,0.05223,-36.38093,5,0,0,0,0,3,6,0,0,0,0,0,3
48,76,6,0.9828249,2.812337402,-19.1685781,20.38567918,1.09423,13.10653766,0.425097758,0.14872,-6.72976,3,0,0,3,0,2,3,0,0,4,0,1,0
48,78,18,0.970266637,2.996349889,-15.41399945,19.25387921,2.7799,11.35346869,0.433257417,0.02982,-17.91518,5,0,0,0,0,4,6,0,0,0,0,0,4
48,79,23,0.968213867,3.011076859,-13.96658482,18.93185209,5.61889,10.19356785,0.456221272,0.05914,-28.54711,5,0,0,0,0,18,6,0,0,0,0,0,18
48,80,119,0.972713107,2.927660821,-13.28443809,17.82196551,3.27348,9.071889739,0.478058241,0.01352,-19.7088,5,0,0,0,0,2,6,0,0,0,0,0,2
49,70,7,0.98274215,2.469095523,-24.39077645,16.99617327,6.0536,9.665226862,0.390540007,0.04626,-18.10679,5,0,0,3,0,9,6,0,0,0,0,0,12
49,79,6,0.974571917,3.067909732,-14.33290594,20.99821642,5.17863,11.18684416,0.435466971,0.00746,-25.43996,5,0,0,0,0,38,6,0,0,0,0,0,38
49,80,7,0.971007658,3.171132606,-13.84087142,18.29503941,4.01786,11.9230907,0.440728983,0.00461,-24.66414,5,0,0,0,0,3,6,0,0,0,0,0,3
50,46,3,0.973285535,1.647837157,-18.80017462,6.35989572,4.71053,4.369724821,0.478594299,0.02375,-40.52127,5,0,0,0,0,1,6,0,0,0,0,0,1
50,48,37,0.982859455,1.649157962,-21.5369993,5.945478567,6.86519,3.173801526,0.499876717,0.04545,-38.17986,5,0,0,0,0,11,6,0,0,0,0,0,11
50,49,20,0.983805155,1.660842413,-22.23343427,6.044224773,5.92978,2.330238414,0.507656371,0.17011,8.01745,1,1,0,0,0,0,6,0,0,0,0,0,1
50,50,27,0.984762313,1.719111828,-23.5406244,6.770473495,5.33883,2.4251569,0.493426374,0.0648,-37.19371,5,0,0,0,0,3,6,0,0,0,0,0,3
50,51,20,0.987102551,1.725438147,-24.30265222,7.416312137,2.51955,1.849408541,0.492894722,0.12067,-7.22056,3,0,0,1,0,1,5,0,0,0,0,1,1
50,52,26,0.986566852,1.779449558,-25.28075923,7.085656373,2.50151,2.118479264,0.486056514,0.04669,-16.6662,5,0,0,0,0,5,6,0,0,0,0,0,5
50,53,35,0.986423435,1.783499758,-26.55842175,7.465322618,4.4157,4.453500383,0.443295674,0.07698,-23.8001,5,0,0,1,0,17,6,0,0,0,0,0,18
50,54,32,0.987142126,1.792281383,-28.03473792,9.482757865,3.8438,5.676796566,0.432739463,0.04981,-15.40696,5,0,0,2,0,14,6,0,0,0,0,0,16
50,55,60,0.987805511,1.83417102,-28.76811902,9.082792656,4.84905,4.615261322,0.429319843,0.00827,-23.52208,5,0,0,0,0,51,6,0,0,0,0,0,51
50,56,21,0.988344211,1.855784315,-29.40949536,8.796930898,6.26033,2.898167535,0.441552979,0.00353,-24.57455,5,0,0,0,0,2,6,0,0,0,0,0,2
50,57,21,0.986415767,2.067837695,-30.43841048,8.985949669,4.28059,5.265670456,0.35192569,0.03602,-27.67213,5,0,0,0,0,13,6,0,0,0,0,0,13
50,58,59,0.984018418,1.934307378,-31.32219568,10.18477906,7.7023,5.595446908,0.329656775,0.03454,-34.63748,5,0,0,0,0,3,6,0,0,0,0,0,3
50,59,66,0.979756051,1.96940735,-31.51761407,11.86382183,4.7577,5.077350547,0.336901181,0.09843,-25.04404,3,0,0,5,0,3,6,0,0,0,0,0,8
50,60,113,0.98326466,2.186332384,-31.85752862,13.21448822,6.67504,6.885753788,0.288285154,0.06389,-41.72654,5,0,0,0,0,1,6,0,0,0,0,0,1
50,61,27,0.986243654,2.102901915,-31.51346108,13.4992865,4.46913,6.349741347,0.304590198,0.1084,-6.51445,5,0,0,0,0,2,6,0,0,0,0,0,2
50,62,33,0.985852711,2.155656999,-32.41478885,13.67417776,2.16966,7.024787426,0.294833842,0.07627,-11.44377,5,0,0,0,0,11,6,0,0,5,0,0,6
50,63,34,0.98914651,2.045990733,-31.41366089,13.679712,4.43934,5.772827931,0.352416247,0.04456,-24.74018,5,0,0,0,0,21,6,0,0,0,0,0,21
50,64,13,0.989109135,2.047200195,-30.71998954,13.36108673,4.9203,5.988991385,0.372713194,0.0413,-14.62567,5,0,0,0,0,13,6,0,0,0,0,0,13
50,65,33,0.98579681,2.105318896,-30.05928977,15.08823194,4.32671,7.342241317,0.327764165,0.02278,-25.11759,5,0,0,0,0,27,6,0,0,0,0,0,27
50,66,48,0.977376872,2.209119152,-29.75011245,16.12259174,3.24259,8.305263959,0.320732397,0.0721,-27.32361,5,0,0,0,0,1,6,0,0,0,0,0,1
50,67,52,0.984333974,2.321270752,-27.65688799,16.75497536,5.24556,8.562261047,0.338066012,0.02756,-25.84941,5,0,0,0,0,26,6,0,0,0,0,0,26
50,68,59,0.985201283,2.311492267,-26.05893899,16.91797613,6.29144,9.126466417,0.35414351,0.11742,-37.72323,5,0,0,0,0,11,6,0,0,0,0,0,11
50,69,41,0.985178918,2.347064355,-24.81180542,17.12760747,5.49154,9.380948635,0.370933125,0.04088,-42.11197,5,0,0,0,0,10,6,0,0,0,0,0,10
50,70,6,0.989200091,2.568870263,-22.4499012,17.63604643,5.33704,8.752080911,0.343385745,0.05878,-42.73586,5,0,0,0,0,2,6,0,0,0,0,0,2
50,71,20,0.98138526,2.629539425,-23.10251156,17.81617174,2.06122,10.33994815,0.367077079,0.09853,-6.43604,5,0,0,0,0,13,3,0,0,7,0,3,3
50,72,14,0.988754353,2.628385873,-22.50319818,18.58187509,3.53598,10.8868294,0.369466781,0.03152,-24.49509,5,0,0,0,0,30,6,0,0,0,0,0,30
50,73,33,0.981175282,2.698408445,-22.04858578,19.00715628,5.30374,11.05308966,0.388911028,0.07211,-11.46403,5,0,0,0,0,2,6,0,0,0,0,0,2
50,74,20,0.986115618,2.739956683,-21.1698693,19.96909988,3.57461,11.17658864,0.396329606,0.05572,-21.23895,5,0,0,3,0,9,6,0,0,3,0,0,9
50,75,26,0.981958704,2.802018254,-20.57513915,19.76992908,4.82615,11.67025708,0.399621245,0.02349,-26.62278,5,0,0,0,0,8,6,0,0,0,0,0,8
50,76,14,0.97560049,2.859118755,-19.41376134,20.08083418,5.41882,11.83176759,0.40679676,0.02663,-27.56724,5,0,0,0,0,13,6,0,0,0,0,0,13
50,77,13,0.98006152,3.016560951,-17.87577521,21.55709422,6.30229,12.4495088,0.408869859,0.10225,-34.54194,5,0,0,0,0,7,6,0,0,0,0,0,7
50,78,61,0.980986739,3.010580357,-16.46004856,20.6835333,6.76899,13.81683507,0.397900248,0.02565,-41.72857,5,0,0,0,0,12,6,0,0,0,0,0,12
50,79,46,0.976300314,3.103469854,-15.26361418,20.21095655,6.11459,14.23899959,0.409643261,0.0578,-38.68183,5,0,0,0,0,8,6,0,0,0,0,0,8
50,80,66,0.978476705,3.132539569,-13.769788,19.83988548,0.94914,12.63322915,0.442471033,0.5114,-1.31224,1,1,0,0,1,0,2,0,1,0,1,0,0
50,81,33,0.968918645,3.163206718,-13.46740457,19.30979221,3.73676,12.50169699,0.456619778,0.08396,-5.86592,5,0,0,1,0,2,5,0,0,0,0,2,1
50,82,34,0.975266533,3.13580076,-11.57492476,20.41381326,2.72528,11.46345548,0.477274395,0.14256,-10.80761,3,1,0,19,14,15,6,0,0,13,6,13,17
51,56,7,0.971697655,1.642098337,-29.10388218,8.387149303,1.9742,2.200385914,0.463319916,0.086,-12.9932,5,0,0,4,0,5,6,0,0,4,0,0,5
51,57,8,0.970802349,1.677169411,-27.50489379,11.4137879,2.79497,2.338293863,0.465975621,0.09905,-13.73125,5,0,0,10,0,12,6,0,0,6,0,3,13
51,63,7,0.981923845,2.014142168,-22.47496046,17.36696519,4.38497,11.95548989,0.362979105,0.01516,-27.43257,5,0,0,0,0,9,6,0,0,0,0,0,9
51,64,15,0.97781935,2.055207059,-24.23473094,16.5983143,6.21332,8.862410073,0.356289713,0.05339,-34.33382,5,0,0,0,0,14,6,0,0,0,0,0,14
51,65,7,0.979523472,2.435892101,-23.16421485,16.55744346,6.85668,12.71175608,0.380643873,0.05737,-41.78147,5,0,0,0,0,9,6,0,0,0,0,0,9
51,66,15,0.97931608,2.629507979,-29.04244517,15.31343202,7.8809,10.17543756,0.301416503,0.09405,-37.83442,5,0,0,0,0,4,6,0,0,0,0,0,4
51,67,7,0.984535101,2.547366954,-23.22583225,16.67913308,4.1614,11.77720873,0.397857518,0.52733,-1.95368,4,3,0,2,4,0,5,0,3,1,1,4,0
51,68,14,0.981441754,2.484799835,-25.35810176,17.31939614,0.13123,10.44017954,0.310544593,0.2127,0.55514,2,0,1,0,0,0,5,0,0,0,0,1,0
51,69,7,0.986652202,2.615521539,-22.47061802,18.78211132,3.63347,11.3707895,0.402263369,0.142,-2.3689,3,0,0,8,0,0,5,0,0,1,0,7,0
51,70,15,0.979397301,2.519602988,-23.20380544,16.43742274,3.60577,10.22626059,0.360578955,0.12655,-8.73942,3,1,1,39,3,13,6,0,0,11,1,16,29
51,76,8,0.964791604,2.919978126,-18.11276062,16.49122438,4.02617,11.05538516,0.449136965,0.38614,0.63044,4,1,0,0,4,0,5,0,1,0,0,4,0
52,43,7,0.96313528,1.661179946,-16.43739539,7.045485023,3.19895,2.768727982,0.495838061,0.15951,-9.20071,4,0,0,0,5,2,3,0,0,4,0,1,2
52,44,12,0.969886457,1.592959229,-16.85347918,5.915674957,1.99678,6.023488061,0.494735574,0.14361,-11.41221,3,0,0,8,0,2,3,0,0,6,0,2,2
52,47,16,0.981560034,1.620146335,-19.84094017,5.954278028,3.30315,3.304368926,0.460336886,0.04135,-22.09775,5,0,0,6,0,23,6,0,0,0,0,6,23
52,49,5,0.986580044,1.675655369,-22.46412303,6.421299762,5.94393,7.410879004,0.510796619,0.02588,-35.07535,5,0,0,0,0,26,6,0,0,0,0,0,26
52,50,8,0.986170302,1.5794518,-23.10661875,7.681920511,4.99459,2.154042979,0.439198934,0.07998,-39.84114,5,0,0,0,0,22,6,0,0,0,0,0,22
52,51,21,0.986879887,1.661391797,-25.29565745,6.982199578,6.37622,8.490751294,0.493079946,0.11614,-32.6221,5,0,0,0,0,12,6,0,0,0,0,0,12
52,52,13,0.988006104,1.631286431,-25.62752034,6.157841726,0.19817,3.806737978,0.45886136,0.23896,-0.0397,2,0,13,2,1,0,5,0,0,4,0,12,0
52,53,22,0.986834934,1.704474131,-25.03279803,5.942252395,0.63708,4.651972367,0.365764375,0.18454,1.83115,4,0,8,5,38,0,5,0,0,2,9,40,0
52,54,7,0.964967475,1.7749005,-27.09022948,7.009066342,3.10427,10.55615187,0.411815428,0.07978,-9.33219,5,0,0,8,0,13,6,0,0,0,0,6,15
52,55,7,0.974010632,1.842685513,-28.49648837,8.055051561,3.68006,10.41810479,0.26260173,0.16202,-4.29297,4,0,3,1,4,4,5,0,0,0,0,8,4
52,57,15,0.975647785,1.960618024,-29.54756613,12.16250036,2.94503,2.953083144,0.429798088,0.13662,-7.34274,3,1,0,6,4,4,6,0,0,5,2,2,6
52,58,16,0.981216343,1.893526657,-28.57472362,13.33744155,2.7964,6.484206127,0.343587258,0.12196,-9.34631,3,0,0,14,0,2,3,0,0,7,0,2,7
52,59,7,0.991223503,1.949282998,-25.65736744,13.98942654,1.64428,8.234201765,0.290617687,0.09439,-10.57843,5,0,0,1,1,9,6,0,0,3,0,2,6
52,60,8,0.989843156,2.015712615,-26.66075824,13.71657363,2.52504,8.075098712,0.297827159,0.1113,-12.30731,5,0,0,23,15,48,6,0,0,4,0,38,44
52,61,29,0.983244889,2.095445261,-29.78265246,14.48440357,6.29484,8.102021318,0.33876996,0.03117,-30.05118,5,0,0,0,0,27,6,0,0,0,0,0,27
52,62,16,0.984123003,2.105052254,-27.76429918,14.57083257,8.61549,8.065979487,0.358503742,0.01606,-39.287,5,0,0,0,0,4,6,0,0,0,0,0,4
52,63,52,0.980360877,2.626715169,-30.80274579,14.72425074,5.82664,8.271425352,0.257954881,0.08316,-38.45688,5,0,0,1,0,47,6,0,0,0,0,0,48
52,64,60,0.981938008,2.56473001,-31.06241801,15.54147006,5.21271,7.407853529,0.288859044,0.08159,-35.02541,5,0,0,0,0,13,6,0,0,0,0,0,13
52,65,54,0.982074896,2.396314128,-28.71235933,15.80100676,0.28181,6.224241424,0.329001406,0.21594,0.60129,2,1,24,4,16,0,5,0,0,7,1,37,0
52,66,8,0.975320299,2.631453796,-29.1933366,17.00250043,0.02988,8.205019316,0.278220772,0.19063,1.80645,4,0,16,0,60,0,5,0,0,2,20,54,0
52,67,117,0.97982787,2.501296471,-29.64582561,15.53637682,0.84081,6.679307785,0.307797268,0.16263,-4.47789,3,0,0,23,13,3,3,0,0,23,0,12,4
52,68,8,0.988651814,2.669307994,-25.66276336,16.1271368,5.66311,8.824621508,0.300236346,0.21096,1.60287,1,1,0,1,1,0,5,0,0,0,0,2,1
52,69,38,0.977507916,2.395123268,-26.60974896,15.21005819,1.66892,7.348975677,0.369053754,0.16087,-6.65354,3,0,1,14,5,1,3,0,0,10,3,4,4
52,70,39,0.978720471,2.350750793,-26.56894105,14.82498292,1.79583,7.394689993,0.402335068,0.14026,-9.18366,3,0,0,43,0,5,3,0,0,34,0,8,6
52,71,23,0.987994753,2.342102333,-22.37307459,17.6180372,3.12261,8.311851542,0.373838043,0.20819,-2.39397,3,0,0,1,1,0,5,0,0,0,0,2,0
52,72,21,0.985840038,2.475300042,-22.97524242,18.04797025,2.35995,9.042501431,0.36049481,0.09299,-10.66624,5,0,0,3,8,33,6,0,0,13,0,10,21
52,73,31,0.985017076,2.438400705,-22.23524158,18.91789639,5.2367,9.018025181,0.375565538,0.03521,-29.75518,5,0,0,0,0,40,6,0,0,0,0,0,40
52,74,23,0.980125119,2.487254049,-22.0832071,17.93746104,7.1391,10.30380544,0.407217637,0.013,-41.02504,5,0,0,0,0,8,6,0,0,0,0,0,8
52,75,23,0.976810972,2.614248759,-20.90711659,19.13323877,3.85288,12.32846143,0.428213092,0.03936,-29.00317,5,0,0,3,3,32,6,0,0,0,0,4,34
52,76,22,0.989906154,2.547338457,-20.3219246,19.45050862,4.35469,12.96906305,0.381041891,0.03729,-31.97774,5,0,0,0,0,13,6,0,0,0,0,0,13
52,77,23,0.982792206,2.589424186,-20.01219893,19.95357626,0.08548,11.70790627,0.40376209,0.20095,-0.34668,2,0,15,9,13,0,3,0,0,18,3,16,0
52,78,23,0.983100587,2.664674101,-19.59073879,20.34034469,0.06247,11.70692778,0.411745712,0.19937,0.41475,4,0,18,3,25,0,5,0,0,11,9,26,0
52,79,30,0.980523919,2.628172471,-20.3240175,20.54564639,0.06552,11.71679139,0.418585484,0.16923,-2.27334,3,0,0,4,0,0,3,0,0,4,0,0,0
52,80,45,0.982609516,2.621549614,-19.39004724,20.49718435,0.91409,12.37123562,0.428223485,0.17863,-0.11535,4,0,0,36,42,1,3,0,0,37,33,6,3
52,81,22,0.989513623,2.862104969,-16.37838686,21.17739063,4.54836,13.91529011,0.433385164,0.18675,4.70001,4,0,0,0,4,0,4,0,0,0,4,0,0
52,82,53,0.985688553,2.881795579,-16.45320753,21.07456516,0.63598,12.60968257,0.447123199,0.23875,-1.56337,2,0,10,6,3,1,4,0,0,5,13,0,2
52,83,44,0.975834968,2.941764666,-15.03194298,20.32031728,3.30223,13.33109566,0.459311844,0.12385,-7.41356,3,0,0,19,0,5,5,0,0,5,0,14,5
52,84,83,0.978580039,2.984687213,-14.77017621,20.69709617,4.10117,11.687811,0.467466187,0.0539,-11.33045,5,0,0,2,3,16,6,0,0,0,1,3,17
52,85,176,0.97770135,2.977971927,-14.04598025,19.05900241,3.74105,8.658272193,0.47502768,0.01642,-20.07639,5,0,0,0,0,10,6,0,0,0,0,0,10
52,86,31,0.979134928,2.842731605,-14.27978274,18.65329885,5.73615,7.993682048,0.484709422,0.01431,-28.05724,5,0,0,0,0,26,6,0,0,0,0,0,26
53,42,8,0.967327098,1.634198447,-15.62523852,8.419315489,6.01052,4.236786798,0.504383283,0.02916,-25.02883,5,0,0,2,0,3,6,0,0,0,0,0,5
53,45,16,0.978349328,1.665312952,-18.70014313,6.51561457,4.96841,2.513109888,0.50647483,0.09579,-19.35996,5,1,0,5,10,15,6,0,0,0,0,12,19
53,47,16,0.98169202,1.624270729,-20.97927398,5.285981371,4.60279,2.331184287,0.502796892,0.04279,-29.14052,5,0,0,0,0,11,6,0,0,0,0,0,11
53,48,8,0.984300731,1.574329851,-22.14393667,7.351654575,0,2.643486944,0.495905504,0.21084,-0.11647,2,0,3,3,0,0,3,0,0,3,0,3,0
53,49,8,0.988758959,1.678466686,-22.12212721,4.892610349,0.04379,1.732983426,0.507291915,0.22031,-0.3706,2,0,17,7,11,0,3,0,0,25,3,7,0
53,50,23,0.987468328,1.59687626,-23.76787073,6.860506748,0.11556,2.363617257,0.507458332,0.16981,-2.25097,3,0,0,2,0,0,3,0,0,2,0,0,0
53,51,50,0.985067965,1.663190593,-24.85588836,7.81587503,0.54898,5.612143961,0.504373852,0.20526,2.22265,4,0,0,24,77,0,4,0,0,23,74,1,3
53,52,52,0.989131127,1.571326069,-25.65683803,7.802505821,0.86474,5.141525744,0.503528986,0.19962,-2.71994,2,0,8,2,1,3,4,0,0,3,8,0,3
53,53,25,0.987709335,1.580338301,-26.87890336,9.142865546,3.58082,1.884585788,0.505002966,0.03678,-14.15465,5,0,0,1,0,2,6,0,0,0,0,0,3
53,54,15,0.990112996,1.645746443,-27.46047912,6.776526089,0.39004,3.770926219,0.424683666,0.1852,0.84058,4,0,2,7,9,0,5,0,0,0,1,17,0
53,55,8,0.977598728,1.738894586,-28.59179766,9.884348629,1.04157,3.32045731,0.431214394,0.20925,3.24072,4,0,0,0,4,0,4,0,0,0,3,1,0
53,56,32,0.983990808,1.781180317,-29.52600483,9.671453806,0.18997,5.513335058,0.3928221,0.34233,-3.63998,1,5,1,0,0,0,3,0,0,5,0,1,0
53,58,57,0.987786296,1.767331262,-31.22058995,10.83385007,3.71738,3.194781485,0.401619988,0.08216,-22.18603,5,2,16,0,0,77,6,0,0,14,0,4,77
53,59,15,0.974066608,1.974606461,-31.42456008,8.078620395,0.80586,3.862481147,0.387254487,0.25411,-4.26751,2,0,8,0,4,1,3,0,0,6,0,6,1
53,61,15,0.974373941,2.371641039,-32.49606047,11.09921258,5.91911,6.095552605,0.313181073,0.03896,-31.87454,5,0,0,4,8,79,6,0,0,0,0,8,83
53,62,16,0.98299565,2.209670865,-32.46290643,14.39449084,4.3072,5.045080319,0.356244189,0.01635,-29.65075,5,0,0,0,0,4,6,0,0,0,0,0,4
53,63,8,0.991180128,2.216778264,-29.91871048,14.24945641,0.0376,8.395503552,0.364323255,0.24301,-0.64001,2,0,5,3,0,0,3,0,0,4,4,0,0
53,64,15,0.981508485,2.248388963,-27.14114853,16.4416739,0.11449,10.95975502,0.362892326,0.21608,-0.09438,2,0,15,9,6,0,3,0,0,12,10,8,0
53,65,31,0.974858923,2.438962586,-30.9235273,14.1398607,0.3797,6.684174659,0.327641094,0.2119,1.63741,4,0,0,6,17,0,4,0,0,6,17,0,0
53,66,22,0.984707526,2.560720616,-33.7325837,13.99909906,0.01173,4.731830982,0.298523942,0.29073,1.35805,2,0,15,0,5,0,2,0,15,0,5,0,0
53,67,61,0.983022736,2.514119258,-32.6379196,14.66082314,0.10575,4.968035324,0.319465176,0.22635,-1.63602,2,0,16,4,8,1,3,0,9,14,6,0,0
53,68,8,0.976921042,2.524083078,-31.71596153,14.9350923,1.03685,4.338697295,0.309247303,0.14766,-5.42174,4,0,0,3,4,0,3,0,0,5,0,0,2
53,69,8,0.961642392,2.265299739,-28.90171501,13.73748056,1.07222,7.913564365,0.416497841,0.16825,2.06473,3,0,0,4,4,0,5,0,0,0,1,7,0
53,72,7,0.970527488,2.390435214,-26.96938855,14.86128016,1.78631,9.651586777,0.445579666,0.16079,-1.34747,4,2,0,3,23,5,4,0,0,0,15,10,8
53,73,15,0.98831447,2.448201419,-24.12353039,18.14386136,0.44063,8.800457498,0.419346194,0.31809,-2.71731,2,0,2,0,0,0,3,0,0,1,0,1,0
53,74,8,0.965332257,2.579029369,-22.88364064,18.60437527,4.41014,10.30191038,0.46683616,0.04328,-23.62219,5,0,0,4,2,27,6,0,0,0,0,3,30
53,76,14,0.97389539,2.589079367,-21.51597866,18.23008453,2.02353,11.33086939,0.429677425,0.19709,-8.90607,2,0,9,0,1,4,5,0,0,0,0,10,4
53,77,8,0.970217276,2.371293218,-20.5345842,18.34986806,6.14469,9.857988129,0.392259175,0.02174,-32.6267,5,0,0,1,0,24,6,0,0,0,0,0,25
53,80,8,0.985206721,2.482491171,-22.66643273,21.8869288,4.8802,11.77297518,0.426812165,0.06916,-31.00918,5,0,0,0,0,24,6,0,0,0,0,0,24
53,81,23,0.980829366,2.586947745,-20.73649267,19.29402527,0.271,11.41977645,0.47227214,0.28395,-0.52733,2,0,18,0,0,0,4,0,7,1,8,2,0
53,82,24,0.986262977,2.518771416,-19.90430982,21.81544404,0.02699,11.98896943,0.461719494,0.2555,-0.01915,2,0,17,2,0,0,4,0,0,3,13,3,0
53,83,56,0.984601373,2.707092737,-18.08842611,21.23079982,0.04738,11.9472548,0.468698463,0.22968,0.4207,4,0,0,15,21,0,4,0,0,15,21,0,0
53,84,24,0.989152884,2.66903464,-18.41748531,21.03745557,0.46104,9.776863874,0.507564355,0.23438,0.97436,4,0,9,2,14,0,4,0,9,0,15,0,1
53,85,92,0.975612532,2.780231471,-17.08337843,19.36223844,1.65748,9.791266985,0.486285149,0.22003,0.85653,4,0,7,0,16,1,4,0,3,4,14,2,1
53,86,95,0.982118211,2.672509814,-16.30267366,20.10288315,1.11789,7.561142677,0.501522714,0.19957,-2.18208,4,1,6,3,29,0,3,0,0,32,4,1,2
53,87,31,0.969552257,2.705651362,-16.14590202,19.12690291,0.14292,7.536493613,0.495193028,0.22363,-0.65185,2,0,6,0,0,0,5,0,0,0,0,6,0
54,46,8,0.978149658,1.55095853,-18.74407505,5.785101372,0.6138,2.455674488,0.500353297,0.18617,1.34992,4,0,3,0,7,0,5,0,0,0,4,6,0
54,50,10,0.985301565,1.565431289,-22.73401275,6.384457222,0.66255,2.214162318,0.497481095,0.31691,-2.23517,2,0,3,0,0,0,5,0,0,1,0,2,0
54,53,8,0.99147353,1.634601378,-26.95518405,8.843890237,3.13135,1.645896308,0.511607837,0.06125,-13.41483,5,0,0,1,8,36,6,0,0,0,0,9,36
54,60,17,0.985374535,1.942525123,-31.89301924,12.08835885,4.62507,7.197118038,0.236445462,0.02049,-13.99106,5,0,0,0,0,7,6,0,0,0,0,0,7
54,61,9,0.989637228,1.882825702,-32.47686934,12.31924883,2.34566,7.374585055,0.245760244,0.15752,-5.63259,4,0,7,5,16,4,5,0,0,0,0,23,9
54,66,3,0.966301328,2.1006407,-30.01717213,14.90233271,4.47778,4.059330198,0.495450738,0.07372,-28.48142,5,0,0,0,0,16,6,0,0,0,0,0,16
54,67,9,0.978723264,2.237152148,-29.06366114,16.7218831,0.49523,4.819482635,0.350433635,0.28804,-0.12055,2,0,22,0,0,0,4,0,9,0,13,0,0
54,68,36,0.983435564,2.578851725,-23.29543501,17.15377272,0.01005,7.089408892,0.316996789,0.26328,-0.76958,2,0,13,12,0,0,3,0,1,12,12,0,0
54,69,60,0.988910866,2.512262389,-23.002539,17.30529835,0.02254,7.539308044,0.335361542,0.23493,-1.49865,3,0,1,24,4,0,3,0,0,24,5,0,0
54,70,62,0.989073731,2.604909045,-21.90026812,17.61100261,1.76259,7.651419531,0.332020546,0.29857,1.15231,2,0,8,0,6,0,2,0,7,0,7,0,0
54,71,27,0.985585136,2.462090234,-20.59611612,17.85206041,0.43414,9.502106605,0.38263838,0.22677,1.37113,4,0,5,9,41,0,4,0,1,5,46,3,0
54,72,8,0.988480909,2.685523822,-19.61493264,19.25310078,1.78626,7.991226656,0.3461799,0.22964,-1.59905,2,0,6,4,3,0,3,0,0,10,0,2,1
54,73,18,0.988832181,2.51562824,-18.8509679,20.77222355,0,10.87319346,0.398111969,0.23753,-0.28234,2,0,3,0,0,0,5,0,0,0,0,3,0
54,74,9,0.991187218,2.58451328,-19.03124071,20.70780337,0,9.085594746,0.358038272,0.23911,0.15022,2,0,4,0,0,0,4,0,0,1,3,0,0
54,75,8,0.992683261,2.5717513,-18.76982538,20.57952422,3.04647,9.824894292,0.366935434,0.0103,-16.59145,5,0,0,0,0,4,6,0,0,0,0,0,4
54,76,27,0.983733771,2.455181003,-17.6752592,21.65753409,3.03105,11.78910113,0.422226328,0.12617,-8.99543,5,0,9,7,5,23,6,0,0,0,1,18,25
54,77,9,0.993776236,2.547009437,-17.64665183,22.75098517,3.36252,11.08656234,0.382660896,0.03982,-14.05647,5,0,0,0,0,6,6,0,0,0,0,0,6
54,78,34,0.991842207,2.555673384,-16.79787907,23.01551961,3.96993,12.12248789,0.430270099,0.0958,-12.55627,4,0,0,4,9,9,6,0,0,0,0,8,14
54,79,26,0.991652244,2.505578214,-16.74005704,23.71859192,5.26101,13.30502012,0.427587403,0.08265,-25.35881,5,0,0,0,0,4,6,0,0,0,0,0,4
54,80,35,0.990355471,2.49638896,-16.25053337,23.36766713,4.94693,13.33106161,0.432167604,0.01276,-24.11801,5,0,0,0,0,2,6,0,0,0,0,0,2
54,81,44,0.990494185,2.505276706,-16.50868509,23.16977105,0.02234,12.53774214,0.44797549,0.30709,-1.26044,2,0,19,4,0,0,2,0,19,2,2,0,0
54,83,9,0.986516237,2.562431334,-16.35596948,22.31302655,0,10.97968574,0.459072365,0.27443,-1.9677,3,0,4,14,0,0,3,0,7,11,0,0,0
54,84,9,0.987593598,2.580780909,-16.43568924,23.16392922,0.01314,11.3598169,0.464194102,0.24805,-1.74169,3,0,2,21,0,0,3,0,0,21,2,0,0
54,85,53,0.992322573,2.585200561,-15.75656366,21.61181351,0.66606,12.30457948,0.46039166,0.36085,-0.96436,2,0,11,0,0,0,2,0,10,0,1,0,0
54,86,43,0.988014339,2.590489067,-14.56961743,21.28808817,0.03726,11.97192878,0.488056976,0.23102,1.37028,4,0,6,0,74,0,4,0,5,1,74,0,0
54,88,9,0.979725987,2.721330978,-13.5657939,20.67276289,0.42052,11.09941918,0.507544064,0.22011,-0.8372,2,0,11,3,8,0,4,0,7,3,10,2,0
55,52,15,0.986950753,1.574274214,-26.11963246,7.450108166,0.00524,2.630276428,0.501309297,0.23773,0.18697,2,0,22,0,0,0,4,0,5,4,11,2,0
55,53,36,0.990971383,1.573420802,-26.74612258,8.008482235,5.45632,2.326595848,0.502753461,0.20807,0.22912,3,0,0,3,2,1,5,0,0,0,0,4,2
55,54,17,0.99036997,1.5763235,-26.97087695,8.68772839,1.62355,2.471508935,0.50053797,0.18278,-0.7466,4,4,0,2,31,6,4,0,0,0,21,15,7
55,55,18,0.99093851,1.567957404,-29.03002091,7.831988322,1.4263,1.686736937,0.504551623,0.17307,-3.29621,4,0,0,1,4,0,5,0,0,0,0,5,0
55,56,9,0.990110447,1.635852299,-29.65260238,8.42900879,4.83398,7.167604194,0.343254013,0.04394,-26.43547,5,0,0,0,0,7,6,0,0,0,0,0,7
55,57,106,0.991964671,1.627731369,-30.44793395,9.627310674,6.58326,3.544883877,0.407708723,0.05189,-33.24551,5,0,0,0,0,9,6,0,0,0,0,0,9
55,58,44,0.992494387,1.69341924,-31.42679364,8.137962554,4.8162,1.943921422,0.443382406,0.02089,-29.86467,5,0,0,0,0,24,6,0,0,0,0,0,24
55,59,27,0.987762048,1.88538384,-32.26766226,8.915930981,0.039,5.099973305,0.305432289,0.30233,-1.72766,2,0,7,3,0,0,2,0,8,2,0,0,0
55,61,36,0.987281506,1.973717288,-33.58790564,10.79515215,0.12773,5.371916364,0.312937535,0.27871,-1.96863,2,0,5,0,0,0,2,0,4,1,0,0,0
55,62,9,0.982393088,1.963437668,-33.0697219,12.79993984,0.00484,6.510967582,0.300514055,0.27491,-0.97787,2,0,21,2,0,0,3,0,0,15,8,0,0
55,63,18,0.984904072,2.054190429,-30.76812247,13.92549886,0.06129,6.508344993,0.303848227,0.38191,-1.34457,2,0,7,0,0,0,2,0,7,0,0,0,0
55,64,17,0.988606132,2.028224989,-28.93077745,15.75043887,0.01962,8.595399532,0.323501718,0.27377,0.10423,4,0,20,0,31,0,4,0,18,0,33,0,0
55,65,9,0.990522195,1.992606584,-24.55560942,15.02102626,0.12561,7.343489211,0.341898298,0.25061,-0.58761,2,0,27,11,11,0,4,0,8,14,26,1,0
55,66,9,0.988785589,2.048327294,-24.0230111,16.43685733,0,9.574359861,0.355804514,0.30281,-0.34512,2,0,9,0,0,0,2,0,9,0,0,0,0
55,67,17,0.987607305,2.043002032,-23.5668496,16.30316552,0,9.327616533,0.363526547,0.29147,-0.66175,2,0,10,0,0,0,2,0,10,0,0,0,0
55,68,52,0.989154171,2.494647493,-24.19983034,17.4794307,1.19397,7.27897881,0.340450093,0.22118,2.42088,4,1,4,0,32,0,4,0,0,0,34,3,0
55,69,116,0.979801797,2.422014357,-24.10770897,16.23241566,3.40689,6.766100049,0.345485934,0.24472,-0.6632,4,0,2,0,5,0,5,0,0,0,1,6,0
55,70,25,0.986916135,2.395848702,-22.09239774,16.92908477,2.20735,10.54223746,0.382789969,0.17964,-2.70994,4,0,0,1,3,0,5,0,0,0,0,4,0
55,71,18,0.985298339,2.44296318,-21.10762552,18.53381386,6.92415,8.083593868,0.363411781,0.07532,-20.50851,5,0,0,1,0,2,6,0,0,0,0,0,3
55,75,9,0.975045934,2.491449395,-18.30610969,21.49482769,2.11548,12.53626544,0.457771251,0.08735,-11.87656,4,0,1,0,5,5,5,0,0,0,0,6,5
55,76,26,0.985884799,2.539002348,-17.11219959,22.33145196,0,12.63850427,0.456847789,0.29799,-2.00857,2,0,6,0,0,0,2,0,6,0,0,0,0
55,79,9,0.984957756,2.702362958,-14.09221017,23.07485311,0.09589,9.960424153,0.502139289,0.31811,-1.6701,2,0,3,0,0,0,2,0,3,0,0,0,0
55,80,9,0.990554678,2.651239511,-14.11987414,20.86805188,0,9.382238197,0.508883913,0.27879,-0.27113,2,0,65,0,0,0,4,0,10,15,40,0,0
55,81,26,0.986106566,2.463484652,-15.23953976,21.7980813,0,11.17881033,0.469800027,0.29088,0.46941,2,0,18,0,0,0,4,0,5,0,13,0,0
55,82,17,0.992130065,2.402037159,-16.18324078,23.08711479,0.03864,11.03139724,0.447237707,0.26385,-0.89721,2,0,46,2,18,0,2,0,28,24,14,0,0
55,83,18,0.990568447,2.509732731,-16.26125935,22.32029872,0.00819,11.23023835,0.451372758,0.20811,0.134,4,0,7,2,16,0,4,0,2,2,21,0,0
55,84,8,0.989273565,2.610997246,-16.25943274,23.2975936,0,11.27697069,0.456756916,0.29821,-1.24749,2,0,5,0,0,0,2,0,5,0,0,0,0
55,86,9,0.989645203,2.583363881,-14.57255477,20.33857839,0.6293,11.53586854,0.490294764,0.22444,1.20233,4,0,2,0,12,0,4,0,0,0,11,3,0
55,87,62,0.987351095,2.680588574,-13.83184615,21.83325376,0.63019,11.08951937,0.501344825,0.23143,0.35974,2,0,24,0,15,0,4,0,0,2,23,14,0
55,88,97,0.983621281,2.777375363,-13.8119717,20.80578499,2.55611,10.86751615,0.504583577,0.25812,-0.91575,2,0,8,0,3,0,5,0,0,0,0,11,0
55,89,9,0.99009948,2.749136147,-14.76213683,21.11392423,1.28417,11.00414344,0.500026067,0.23003,-3.37063,4,4,9,3,12,0,5,0,0,10,0,16,2
56,59,10,0.989760025,1.668636023,-32.23121206,5.859417629,1.19353,3.562992498,0.439698942,0.16473,0.17419,3,0,1,12,12,0,5,0,0,0,0,23,2
56,63,10,0.984865573,2.054405942,-35.44490752,10.44438003,0.66475,8.229247009,0.284985661,0.19175,0.37493,4,0,3,1,22,0,5,0,0,10,0,16,0
56,66,20,0.9886573,2.098703777,-35.29543499,12.56058843,4.72756,5.435016829,0.331060122,0.06733,-18.38956,5,0,2,0,1,6,6,0,0,0,0,3,6
56,69,20,0.987222007,2.006853182,-27.61658991,15.40055822,0,5.604871408,0.375589223,0.31187,-2.15894,2,0,6,1,0,0,2,0,7,0,0,0,0
56,70,27,0.978494046,2.028976943,-22.68491164,16.24361129,0,7.183017841,0.376915678,0.33513,-1.70324,2,0,5,0,0,0,2,0,5,0,0,0,0
56,71,20,0.991700278,1.833310373,-29.39514364,13.58040655,0.00067,4.382553581,0.379456163,0.30983,-0.97727,2,0,42,0,0,0,2,0,38,1,3,0,0
56,75,20,0.979014409,2.118116801,-20.09005761,13.55394452,0,5.96680677,0.411576032,0.3498,-0.57158,2,0,7,0,0,0,2,0,5,0,2,0,0
56,76,9,0.975763076,2.042122632,-19.64262495,14.24983887,0.01246,6.250726121,0.432434089,0.24294,0.0505,2,0,44,0,13,0,4,0,15,13,29,0,0
56,79,20,0.985664132,2.346242115,-16.86649637,19.39685075,0.02026,8.655140523,0.46032507,0.19639,-0.16525,4,0,26,3,36,0,4,0,0,22,43,0,0
56,80,30,0.98793909,2.281052653,-15.36586206,20.78255333,2.23727,9.449779344,0.472242522,0.25898,-0.46941,2,0,13,0,5,0,4,0,0,0,12,6,0
56,81,30,0.989521982,2.255286613,-14.61316766,21.15111392,0,9.781075627,0.478096793,0.28275,-0.81306,2,0,10,0,0,0,2,0,7,0,3,0,0
56,82,10,0.990713655,2.194069896,-16.69651009,20.67590035,1.35011,11.3458153,0.453361418,0.22349,0.53723,4,0,3,0,4,0,4,0,0,0,4,3,0
56,83,20,0.978387816,2.141449377,-15.82977379,19.59029095,0.86675,10.49128291,0.459271702,0.21308,-1.18998,4,0,10,12,14,0,5,0,0,7,9,20,0
56,85,10,0.97861195,2.136015932,-14.16890309,19.18187684,2.21367,8.471962751,0.501682907,0.27047,-2.86414,2,1,4,0,0,0,5,0,0,1,0,4,0
56,86,10,0.986792506,2.176716381,-13.43234193,21.30926835,0.6251,8.165275941,0.504306498,0.25534,-5.34142,3,1,0,4,1,0,3,0,0,5,0,1,0
57,50,29,0.989859291,1.618988302,-22.86447619,5.903555725,1.63298,3.097359803,0.497789562,0.2122,-0.81079,4,0,0,0,11,0,5,0,0,2,0,9,0
57,51,18,0.991836324,1.645577379,-24.65576889,6.246470161,1.6779,3.216394142,0.497487346,0.15342,-2.60813,4,0,10,1,16,3,5,0,0,4,0,22,4
57,52,29,0.992239526,1.619665548,-25.71184844,6.377923256,0,2.839860878,0.497106024,0.32768,-2.86337,2,0,7,0,0,0,2,0,7,0,0,0,0
57,54,9,0.992555799,1.628832623,-27.90336249,6.86670809,0,1.961764709,0.497452145,0.33344,-2.15313,2,0,7,0,0,0,2,0,7,0,0,0,0
57,56,10,0.992807059,1.650788423,-29.44270119,8.604625006,0,1.849670231,0.500446639,0.32965,-1.37608,2,0,54,0,0,0,2,0,54,0,0,0,0
57,57,61,0.991725983,1.648593726,-30.66716402,7.426888723,0,1.96521855,0.495154654,0.34956,-0.2294,2,0,16,0,0,0,2,0,16,0,0,0,0
57,58,10,0.991390444,1.648249669,-31.8166352,8.186498234,0.04814,1.637228548,0.483662167,0.29498,-0.33085,2,2,40,0,1,0,2,0,29,3,11,0,0
57,59,40,0.993414358,1.638812247,-32.44195749,8.052090966,0.10718,1.796672166,0.474847904,0.22224,-0.69401,2,1,20,0,0,0,3,0,1,12,8,0,0
57,60,100,0.992763394,1.655328509,-33.46647701,8.616176595,0,2.168484528,0.470860813,0.29021,-1.18479,2,0,40,0,1,0,2,0,40,1,0,0,0
57,61,21,0.990447741,1.683840393,-31.85923878,11.06404409,0.01487,3.713203776,0.369077702,0.27875,-0.96128,2,1,52,0,8,0,2,0,41,14,6,0,0
57,62,60,0.987376087,1.714251188,-34.68772819,11.42940862,0.91402,2.715925206,0.445301074,0.19284,-4.22452,3,0,3,10,0,0,3,0,0,12,0,1,0
57,63,20,0.979472305,1.950406796,-35.42559582,9.452452177,1.99248,8.334688143,0.291562008,0.20604,1.7761,4,0,0,0,7,0,4,0,0,0,6,1,0
57,64,41,0.987546335,2.006283229,-35.31349112,11.32378418,0.74725,3.498455645,0.426884542,0.25002,-1.30073,2,5,15,1,9,0,5,0,0,6,9,15,0
57,65,21,0.97824231,2.040018722,-35.0478221,11.87212319,1.09243,5.442666603,0.375930691,0.26537,-1.217,2,0,6,0,0,0,3,0,0,4,0,2,0
57,66,49,0.984273798,2.136956408,-35.50967351,12.24123221,1.62816,6.130152116,0.31536848,0.15434,-6.81027,4,0,1,2,4,0,3,0,0,3,0,3,1
57,67,20,0.992281355,2.193487069,-34.37184399,13.11578948,2.56383,7.44859835,0.27392882,0.10474,-9.89613,4,0,0,0,1,1,5,0,0,0,0,1,1
57,68,20,0.970449724,1.909712065,-32.53992242,11.63962209,5.88833,3.249973409,0.368742768,0.21707,-6.47718,3,0,0,1,1,0,6,0,0,0,0,0,2
57,69,29,0.993350197,2.08536406,-30.7930056,14.61799736,0,5.249088062,0.361091139,0.32516,-2.91245,2,0,5,0,0,0,2,0,5,0,0,0,0
57,70,49,0.986777139,1.932131206,-30.09948902,13.98521904,0,4.005795754,0.36604216,0.33547,-2.62774,2,0,15,0,0,0,2,0,15,0,0,0,0
57,71,20,0.989787507,2.036726325,-25.41134103,15.11765102,0,4.395100017,0.368971376,0.35214,-2.3427,2,0,7,0,0,0,2,0,7,0,0,0,0
57,72,49,0.991943398,2.015562968,-27.29209675,15.68250266,0,4.680994972,0.3788339,0.34305,-1.85277,2,0,39,0,0,0,2,0,39,0,0,0,0
57,73,80,0.98812888,1.895050565,-29.70395541,15.76523059,0,4.74759883,0.389492976,0.42087,-2.3269,2,0,4,0,0,0,2,0,4,0,0,0,0
57,74,40,0.990356441,2.120834763,-23.10548842,16.29035044,0,5.884340867,0.401455969,0.34818,-1.82822,2,15,24,0,0,0,2,0,35,4,0,0,0
57,75,10,0.994302309,1.982775328,-26.62761682,18.8844449,0.09248,5.467387643,0.430030208,0.31071,-1.9389,1,5,2,0,0,0,2,0,3,2,2,0,0
57,76,20,0.994870202,1.967407884,-22.73544317,17.73224121,0,5.439374976,0.431118635,0.29407,-1.07437,2,0,67,0,0,0,2,0,67,0,0,0,0
57,77,49,0.991854199,2.016489049,-21.08687337,17.21907977,0.01802,7.232375588,0.443370975,0.28852,-1.49528,2,3,93,1,0,0,2,0,79,18,0,0,0
57,78,52,0.984808037,2.143789734,-19.83269601,18.71815722,0.01036,7.526466918,0.443980569,0.23345,-2.22929,2,0,17,5,0,0,3,0,9,13,0,0,0
57,79,28,0.98592066,2.301139522,-18.47274831,18.24431833,0.04152,8.099298399,0.453158355,0.20969,-2.23089,3,0,15,20,0,0,3,0,0,35,0,0,0
57,80,10,0.969492674,2.281745807,-18.91022732,16.33666456,0.12209,7.85065599,0.445512374,0.25523,-0.9477,2,2,45,4,4,0,3,0,0,31,22,2,0
57,81,19,0.99140423,2.192873671,-17.34318859,19.83143343,1.12516,11.35521079,0.446437918,0.27639,-1.08829,2,0,27,0,0,0,5,0,0,10,2,15,0
57,82,39,0.986862797,2.197429499,-16.6605203,20.69254276,0.67564,11.0319237,0.465057421,0.19561,-2.18228,2,0,2,0,0,0,3,0,0,1,0,1,0
57,83,49,0.987337928,2.256061949,-16.27558033,20.99884395,0,10.66782055,0.476326014,0.3369,-2.37838,2,0,16,0,0,0,2,0,16,0,0,0,0
57,84,69,0.993083061,2.314323356,-14.88202208,21.59390539,0,10.66299603,0.48864767,0.35193,-2.51603,2,1,37,0,0,0,2,0,38,0,0,0,0
57,85,89,0.989931927,2.156751135,-15.65198124,20.76971565,0,10.0964387,0.492063635,0.35973,-1.96013,2,0,16,0,0,0,2,0,16,0,0,0,0
57,86,49,0.991963428,2.394113954,-14.49443101,20.85901061,0,9.955459101,0.529363957,0.42468,-2.67966,1,7,5,0,0,0,2,1,11,0,0,0,0
57,87,69,0.98928701,2.440121611,-12.19081909,22.65683697,0.0229,9.650564766,0.534277546,0.37387,-2.18006,1,32,12,0,0,0,2,1,41,2,0,0,0
57,88,160,0.986735187,2.512149551,-11.8830351,22.92333982,0.01243,9.357428865,0.555128932,0.35728,-2.4541,2,1,6,0,0,0,2,0,5,2,0,0,0
57,89,69,0.980947272,2.429564576,-13.64392832,22.35574639,0,9.223950722,0.553991711,0.32172,-1.48698,2,5,48,0,0,0,2,0,53,0,0,0,0
58,58,11,0.991919222,1.672628577,-30.96232131,7.896071062,0,5.765806067,0.350063018,0.32188,-1.34507,2,1,41,0,0,0,2,0,42,0,0,0,0
58,60,10,0.966574529,1.709530516,-31.43814061,11.13924038,0.00238,6.63066931,0.376094709,0.29431,-2.62154,2,0,17,7,0,0,2,0,17,7,0,0,0
58,61,22,0.964498781,1.628247076,-32.32829425,10.20920624,0.2086,5.964740731,0.353928792,0.19612,-3.4165,3,0,11,30,0,0,3,0,0,41,0,0,0
58,62,11,0.98569674,1.6078384,-32.50494669,13.39806878,0.18727,3.386989509,0.402517188,0.22892,-0.91903,3,0,16,17,0,0,3,0,0,22,4,7,0
58,64,17,0.976956141,1.790781891,-34.62817758,10.5516877,1.18581,6.933738545,0.408070179,0.27569,-0.56917,2,0,16,0,0,0,5,0,0,3,1,12,0
58,65,12,0.97745319,2.071247646,-34.59918601,10.27506406,0.42952,11.86881015,0.413566312,0.28289,-4.46163,2,4,9,7,0,0,3,0,0,18,0,2,0
58,66,10,0.993256871,1.877881807,-36.45876241,12.42562965,0,3.220514725,0.369112106,0.39566,-2.39346,1,7,2,0,0,0,2,0,9,0,0,0,0
58,68,7,0.994158592,1.986934273,-34.85836333,11.99459531,0,5.152917435,0.429260792,0.37114,-2.32028,2,8,15,0,0,0,2,0,23,0,0,0,0
58,69,40,0.988944796,2.046202812,-32.56148665,12.30655674,0,7.575128418,0.347131992,0.37707,-2.09067,2,2,16,0,0,0,2,0,18,0,0,0,0
58,70,34,0.989920106,2.100158208,-30.08489217,14.18032558,0,6.525925772,0.326549602,0.3868,-1.40002,2,1,5,0,0,0,2,0,6,0,0,0,0
58,71,33,0.986373151,1.970035597,-30.78745573,15.25482225,0.07644,5.722133224,0.363194391,0.39663,-2.42064,1,13,8,0,0,0,2,2,19,0,0,0,0
58,72,42,0.988136315,2.108810872,-31.10788641,15.49209655,0,4.48680398,0.323160451,0.38403,-2.74669,1,5,1,0,0,0,2,0,6,0,0,0,0
58,73,45,0.989230844,2.080978704,-31.70423599,15.28947767,0,4.30113686,0.352948354,0.34862,-1.78317,2,7,24,0,0,0,2,5,26,0,0,0,0
58,74,10,0.988529322,2.098436366,-30.19830819,16.86793666,0,4.153031316,0.336024302,0.36233,-2.59406,2,2,9,0,0,0,2,0,11,0,0,0,0
58,77,22,0.973713502,2.050134651,-24.91898692,15.55092259,0.00725,6.085499285,0.428501407,0.20866,-4.00125,3,0,0,12,0,0,3,0,0,12,0,0,0
59,50,12,0.970494086,1.732649887,-21.03167695,5.43527975,0.02404,2.46645224,0.50494096,0.23885,-2.73384,2,0,20,13,0,0,3,0,2,31,0,0,0
59,51,11,0.983214761,1.752732807,-24.82098299,3.969385533,0.02349,2.258941535,0.497911716,0.22266,-1.77807,3,0,2,16,0,0,3,0,0,17,0,1,0
59,53,11,0.991457958,1.702003882,-26.63196845,8.014618082,0.21082,2.261645068,0.500983396,0.21016,-0.25945,3,0,5,46,5,0,3,0,0,36,14,6,0
59,54,11,0.993039634,1.732841857,-27.73522295,7.384892247,0.62718,1.970137287,0.500095957,0.26649,-5.36364,1,2,1,2,0,0,3,0,0,5,0,0,0
59,55,11,0.993858149,1.765082527,-28.80047851,8.88133063,0,2.115190075,0.501689081,0.38668,-2.79056,1,17,1,0,0,0,2,1,17,0,0,0,0
59,56,11,0.993614129,1.746291571,-29.75148678,6.845957539,0,1.820423551,0.492781396,0.38924,-2.41508,1,18,1,0,0,0,2,3,16,0,0,0,0
59,57,34,0.995181523,1.717597714,-30.64091501,7.682871867,0,2.653801973,0.482146875,0.39448,-2.28306,1,4,2,0,0,0,2,0,6,0,0,0,0
59,58,69,0.990856438,1.689331165,-31.06755404,8.738306542,0,3.123781542,0.466145105,0.40183,-2.34384,2,2,21,0,0,0,2,0,23,0,0,0,0
59,59,23,0.993956649,1.650049291,-32.44136593,8.439714214,0,2.24595039,0.484398401,0.38682,-1.30798,2,0,6,0,0,0,2,0,6,0,0,0,0
59,60,66,0.989590891,1.657737163,-32.87532953,9.320108435,0.04142,4.940593583,0.419293805,0.35102,-2.05023,2,5,21,0,0,0,2,0,26,0,0,0,0
59,61,57,0.99322734,1.623403593,-33.44937763,9.9360225,0,3.530069343,0.460478794,0.36923,-2.64104,1,4,0,0,0,0,2,0,4,0,0,0,0
59,62,34,0.992631663,1.627698207,-34.93602536,11.06263238,0,2.704739589,0.461078654,0.37073,-1.91618,2,3,14,0,0,0,2,3,14,0,0,0,0
59,65,24,0.983399968,1.886832853,-33.23828494,13.98050794,0,4.383198864,0.288711056,0.374,-2.56765,2,1,3,0,0,0,2,0,4,0,0,0,0
59,67,11,0.992134492,1.936341041,-32.17086116,12.4463987,0.14191,4.342959148,0.394919196,0.23105,-4.04329,3,0,0,5,0,0,3,0,0,5,0,0,0
59,69,22,0.994271311,2.111551256,-33.79912756,12.0491066,0.00459,6.563921103,0.343987854,0.25607,-2.62604,2,0,25,10,0,0,3,0,2,33,0,0,0
59,70,11,0.963094764,2.109486807,-35.32043762,11.87858382,0.03903,5.146594369,0.306859544,0.21857,-1.60569,3,0,1,40,0,0,3,0,0,41,0,0,0
59,71,67,0.988030338,2.12454231,-31.96003622,15.15718696,0.01972,6.070140466,0.306386745,0.20097,-0.43288,4,0,2,10,11,0,3,0,0,19,4,0,0
59,73,23,0.992262946,2.023034599,-31.08890393,16.61921754,0.12007,3.818297417,0.34317193,0.20612,-2.49985,3,0,0,28,0,0,3,0,0,28,0,0,0
59,74,23,0.990229419,2.063836841,-30.04750616,15.75414705,0,3.855265434,0.359966644,0.41419,-3.16292,1,6,0,0,0,0,1,4,2,0,0,0,0
59,75,23,0.990124349,2.099302076,-30.4349245,15.01048837,0,3.894913967,0.364729984,0.41133,-2.39962,1,15,8,0,0,0,2,3,20,0,0,0,0
59,76,12,0.994694584,2.140797879,-24.89485807,17.50872879,0,4.120961538,0.34590373,0.38488,-2.09335,2,7,22,0,0,0,2,4,25,0,0,0,0
59,77,22,0.994959113,2.155784803,-21.80978752,18.57821793,0,4.120456315,0.351356176,0.38076,-2.3062,1,5,3,0,0,0,2,0,8,0,0,0,0
59,78,11,0.994948617,2.108604206,-22.72851722,15.910514,0,4.471903788,0.362182313,0.36533,-1.84536,2,0,8,0,0,0,2,0,8,0,0,0,0
59,79,44,0.992827967,2.158817779,-23.84224339,17.07497328,0,4.783725029,0.387763693,0.4768,-3.05515,1,5,0,0,0,0,1,5,0,0,0,0,0
59,80,34,0.99442307,2.289884172,-22.70963331,19.18545275,0.00034,5.374136483,0.374178189,0.25903,-3.2633,3,13,14,56,0,0,3,0,23,60,0,0,0
59,81,33,0.993876901,2.139374287,-23.0132723,19.13777014,0.00897,5.985588772,0.413350113,0.21615,-1.68104,3,0,2,48,0,0,3,0,0,50,0,0,0
59,82,33,0.993675712,2.209120871,-22.1394858,21.21204793,0.11271,6.239461299,0.401440958,0.216,-3.31034,3,0,0,42,0,0,3,0,0,42,0,0,0
59,83,46,0.993353797,2.308133384,-21.86327624,19.94362164,0.0323,6.895284204,0.405970926,0.20356,-2.08595,3,0,0,94,0,0,3,0,0,94,0,0,0
59,84,66,0.992888098,2.077578567,-21.7436209,20.10190696,0,7.340955055,0.423424914,0.4592,-2.96971,1,4,0,0,0,0,1,4,0,0,0,0,0
59,85,91,0.991569644,2.246794981,-21.98916564,20.11096031,0,7.695488882,0.425164566,0.4171,-3.33394,1,7,0,0,0,0,1,4,3,0,0,0,0
59,86,56,0.989885054,2.248490104,-19.9708451,19.50566951,0,8.382739149,0.445559994,0.42538,-2.50928,1,23,7,0,0,0,1,26,4,0,0,0,0
59,87,102,0.989058644,2.368735025,-18.34485897,20.490699,0.03509,8.35036915,0.453215461,0.42406,-3.14185,1,1,0,0,0,0,1,1,0,0,0,0,0
59,88,100,0.992545577,2.390551052,-16.00066523,20.71822918,0.00722,8.595573424,0.455769442,0.41286,-2.48446,1,18,11,0,0,0,2,2,27,0,0,0,0
59,89,123,0.988576552,2.168261158,-17.56875325,20.86081006,0,8.860110704,0.467167323,0.39186,-2.20693,2,5,8,0,0,0,2,0,13,0,0,0,0
59,90,46,0.99112615,2.240061194,-17.78848361,22.06497012,0,9.097564735,0.472085512,0.3827,-2.09204,2,0,5,0,0,0,2,0,5,0,0,0,0
59,91,34,0.991527499,2.289670243,-17.50820618,21.16780227,0,9.402121455,0.488688242,0.48572,-3.30186,1,4,0,0,0,0,1,4,0,0,0,0,0
59,92,67,0.994015067,2.306932473,-17.8050089,22.45815609,0,10.04111538,0.492318943,0.35834,-2.48687,1,5,0,0,0,0,2,0,5,0,0,0,0
59,93,156,0.991410013,2.296085836,-16.61443263,23.06914881,0,10.61300318,0.484645624,0.28319,-3.1203,1,21,0,16,0,0,3,0,18,19,0,0,0
59,94,147,0.993442087,2.354196927,-16.68132464,22.71882696,0.0767,10.58231686,0.499967614,0.22148,-2.47383,3,1,0,13,0,0,3,0,0,14,0,0,0
59,95,11,0.99549574,2.409706735,-16.51347489,24.48372535,0.2039,10.49479298,0.502129726,0.21616,-3.38217,3,0,0,37,0,0,3,0,0,37,0,0,0
60,50,11,0.989919467,1.756660239,-21.72467641,4.446317746,0.01701,2.815363018,0.481551344,0.20298,-2.8697,3,0,0,87,0,0,3,0,0,87,0,0,0
60,53,12,0.993826854,1.733737309,-26.08874795,7.109697051,0,2.814698852,0.486624803,0.42251,-3.25867,1,9,0,0,0,0,1,5,4,0,0,0,0
60,55,12,0.994514099,1.718063524,-28.62188377,6.894608035,0,2.821829749,0.486465358,0.4447,-2.44624,1,13,5,0,0,0,1,18,0,0,0,0,0
60,56,12,0.994841892,1.732446609,-29.77322868,7.900063364,0.24083,2.654296898,0.482117591,0.42609,-3.2479,1,5,0,0,0,0,1,5,0,0,0,0,0
60,57,11,0.992378681,1.714079789,-31.15759943,9.158142956,0,3.230623166,0.481999453,0.44481,-2.37815,1,18,8,0,0,0,1,16,10,0,0,0,0
60,58,10,0.9949109,1.706764634,-30.36301482,8.84669921,0,2.864684469,0.484546023,0.48573,-3.15054,1,9,0,0,0,0,1,8,1,0,0,0,0
60,60,24,0.976376295,1.725955094,-32.22823354,10.6663264,0,2.257924653,0.485791999,0.40711,-2.35732,2,0,5,0,0,0,2,1,4,0,0,0,0
60,61,23,0.983586035,1.683504239,-32.57606014,9.893806474,0,2.280322787,0.488595964,0.50701,-3.78733,1,10,0,0,0,0,1,10,0,0,0,0,0
60,62,11,0.989260259,1.736371231,-32.89637621,10.60275462,0,4.488323208,0.362895792,0.3732,-2.49551,1,9,0,0,0,0,2,0,9,0,0,0,0
60,64,12,0.990645781,1.758608393,-33.23939322,12.14634853,0,4.749872797,0.285005574,0.3153,-2.94716,1,24,0,0,0,0,2,0,23,1,0,0,0
60,65,11,0.964216385,1.945723714,-34.17653209,10.80388647,0.40613,5.299647975,0.408043597,0.25285,-4.02081,3,1,0,2,0,0,3,0,0,3,0,0,0
60,66,13,0.969928656,2.01758783,-32.51223273,13.22711276,0.03751,6.197074087,0.32181199,0.21941,-3.81175,3,0,0,23,0,0,3,0,0,23,0,0,0
60,70,12,0.994516035,1.96932325,-34.27942885,13.89680304,0.08129,3.675860155,0.381183176,0.19938,-3.39892,3,0,0,74,0,0,3,0,0,74,0,0,0
60,72,35,0.986569629,2.030143582,-33.13663568,14.02595598,0,4.604675605,0.331023734,0.38556,-3.56669,1,5,0,0,0,0,1,5,0,0,0,0,0
60,73,105,0.991049401,2.04963987,-31.94210315,15.55256437,0,3.917711826,0.345181863,0.41214,-3.19624,1,16,0,0,0,0,1,15,1,0,0,0,0
60,74,118,0.994467253,2.086308622,-30.38513809,15.84180108,0,3.830103875,0.353926588,0.45436,-2.52295,1,17,3,0,0,0,1,20,0,0,0,0,0
60,75,24,0.995230514,2.118384864,-29.86597367,15.98828309,0.02175,3.805909358,0.346047923,0.49076,-3.41624,1,4,0,0,0,0,1,4,0,0,0,0,0
60,76,34,0.994634146,2.172963978,-29.92494011,16.0197053,0.00085,3.482979022,0.366141267,0.46606,-2.77773,2,10,23,0,0,0,1,31,2,0,0,0,0
60,77,59,0.990422584,2.169432641,-28.61627452,15.48730761,0,3.843199244,0.386877927,0.44475,-2.7647,1,9,0,0,0,0,2,3,6,0,0,0,0
60,78,36,0.995506093,2.255085278,-26.23034318,16.13436667,0,3.809367272,0.390780094,0.49207,-3.70613,1,17,6,0,0,0,1,23,0,0,0,0,0
60,79,23,0.993492378,2.27330255,-25.09837562,17.78314371,0,3.97538229,0.400016917,0.51527,-4.08112,1,26,0,0,0,0,1,26,0,0,0,0,0
60,80,24,0.994971912,2.372687419,-23.02445815,17.90554198,0,5.066729903,0.404546593,0.39194,-2.75696,1,10,0,0,0,0,2,0,10,0,0,0,0
60,81,24,0.996289738,2.422649718,-18.50564039,20.11447815,0.01942,4.330074683,0.40322775,0.30236,-3.20752,1,10,0,0,0,0,2,0,10,0,0,0,0
60,82,59,0.994119345,2.498939439,-18.46617557,19.31350271,0.15363,6.310986914,0.413749461,0.27637,-3.35763,1,2,0,2,0,0,2,0,3,1,0,0,0
60,83,36,0.99061478,2.506098447,-18.44451339,19.44809197,0.26376,6.475084156,0.419529869,0.22585,-3.84295,2,0,5,4,0,0,3,0,0,9,0,0,0
60,84,94,0.989283255,2.443668002,-18.33321368,19.8231352,0.05543,6.89796538,0.432486098,0.2088,-3.46664,3,0,0,20,0,0,3,0,0,20,0,0,0
60,85,23,0.98304845,2.248859442,-19.01683678,18.36051132,0,7.980943744,0.439985567,0.41042,-3.38263,1,2,0,0,0,0,1,2,0,0,0,0,0
60,86,23,0.990930777,2.480752747,-17.45215733,20.63006047,0,6.775274307,0.433852674,0.41827,-2.98721,1,19,0,0,0,0,1,19,0,0,0,0,0
60,88,23,0.992656398,2.575181497,-17.48535127,20.29352931,0,8.223182245,0.449364992,0.41528,-2.31011,1,4,0,0,0,0,1,4,0,0,0,0,0
60,89,24,0.991427497,2.561217329,-17.40750422,21.83361656,0,8.68281697,0.459624848,0.43366,-1.70237,1,22,5,0,0,0,1,27,0,0,0,0,0
60,90,11,0.992366804,2.594055413,-17.18400475,21.69897515,0,9.030966826,0.462560403,0.53427,-2.85026,1,1,0,0,0,0,1,1,0,0,0,0,0
60,91,35,0.995168307,2.602470425,-16.70939457,22.42848124,0.03607,9.289396821,0.466072689,0.51134,-3.28771,1,28,4,0,0,0,1,32,0,0,0,0,0
60,92,95,0.994532046,2.590509169,-15.97277392,22.73758878,0,9.319872583,0.485821094,0.43459,-2.65724,1,10,0,0,0,0,2,4,6,0,0,0,0
60,93,141,0.991725431,2.509852379,-16.5309795,21.799017,0,9.709679987,0.503671772,0.48575,-3.4343,1,13,3,0,0,0,1,16,0,0,0,0,0
60,94,70,0.994117377,2.518542037,-16.26037501,22.83028994,0,9.598465359,0.505671738,0.52367,-4.34631,1,5,0,0,0,0,1,5,0,0,0,0,0
61,64,12,0.98741654,1.715927044,-34.8499558,11.34142921,0,5.621960886,0.393796096,0.38734,-2.63795,1,6,0,0,0,0,2,0,6,0,0,0,0
61,66,25,0.992754012,1.941322445,-31.92717708,14.39059132,0.001,5.67625706,0.318800597,0.33605,-3.23355,1,57,0,0,0,0,2,0,57,0,0,0,0
61,67,27,0.985443275,1.925030325,-32.84707046,12.49527748,0.27204,3.802848411,0.361136061,0.26403,-3.74257,1,3,0,3,0,0,3,0,0,6,0,0,0
61,68,12,0.965913827,1.886333506,-34.55060456,9.944560613,0.10337,4.564458658,0.411951465,0.24726,-3.18132,2,3,7,4,0,0,3,0,2,12,0,0,0
62,66,13,0.991504899,1.61663349,-31.14988798,14.50487907,0.00055,3.292717549,0.400014626,0.22118,-3.48121,3,0,0,51,0,0,3,0,0,51,0,0,0
62,67,14,0.974094539,1.797427767,-31.36597682,13.89179124,0,1.718574652,0.489901105,0.4322,-2.73377,1,17,0,0,0,0,1,17,0,0,0,0,0
